frame,timestamp,canny_edges,capture_screen,contour_processing,convert_gray,detection_total,drawing,find_contours,frame_total,gaussian_blur,imshow_waitkey
0,1765350540.116426,0.006331,0.341789,0.006258,0.001299,0.019970,0.000141,0.004250,0.380648,0.000910,0.013181
1,1765350540.215393,0.006368,0.058532,0.006831,0.001029,0.020225,0.000080,0.003907,0.091658,0.001066,0.006600
2,1765350540.307158,0.006035,0.059334,0.005783,0.000952,0.018618,0.000123,0.004175,0.090918,0.000778,0.006910
3,1765350540.394799,0.007422,0.054923,0.005500,0.000900,0.020172,0.000152,0.003950,0.089753,0.000850,0.007414
4,1765350540.490690,0.007463,0.056588,0.005142,0.000923,0.021461,0.000338,0.005993,0.092791,0.000733,0.007516
5,1765350540.591783,0.007980,0.063401,0.009828,0.000914,0.026353,0.000136,0.005302,0.103179,0.000843,0.006366
6,1765350540.725520,0.014857,0.093378,0.009926,0.001269,0.036437,0.000175,0.006793,0.147362,0.001956,0.007833
7,1765350540.857533,0.007659,0.076452,0.008690,0.000910,0.024842,0.000148,0.005320,0.115937,0.000781,0.007198
8,1765350540.959836,0.005893,0.062092,0.004939,0.000795,0.016523,0.000099,0.003567,0.090992,0.000555,0.006772
9,1765350541.045436,0.004482,0.057127,0.006858,0.000805,0.018566,0.000142,0.004195,0.087933,0.001034,0.006263
10,1765350541.125630,0.004149,0.048515,0.005005,0.000700,0.014326,0.000088,0.003286,0.072057,0.000441,0.004671
11,1765350541.259805,0.006760,0.056378,0.008566,0.000886,0.022339,0.000116,0.004097,0.093428,0.000776,0.007724
12,1765350541.372853,0.010475,0.075089,0.004866,0.001209,0.021599,0.000127,0.003380,0.109591,0.000732,0.005951
13,1765350541.493426,0.009847,0.070808,0.009059,0.001331,0.028514,0.000159,0.005587,0.115363,0.001168,0.007970
14,1765350541.607446,0.008811,0.068684,0.006185,0.002040,0.022603,0.000174,0.003462,0.114806,0.000849,0.015569
15,1765350541.726731,0.008043,0.072392,0.008880,0.001127,0.024181,0.000131,0.003813,0.109173,0.000897,0.005185
16,1765350541.908838,0.012059,0.069379,0.009535,0.002735,0.033471,0.000163,0.006728,0.119819,0.001129,0.007650
17,1765350542.017317,0.006798,0.058697,0.006704,0.001270,0.020450,0.000090,0.003808,0.096196,0.000805,0.009639
18,1765350542.119539,0.011925,0.067596,0.007492,0.001824,0.029140,0.000161,0.005494,0.112489,0.001195,0.006859
19,1765350542.301302,0.008027,0.067874,0.010072,0.001255,0.028863,0.000182,0.006610,0.116659,0.000989,0.006631
20,1765350542.424560,0.007726,0.076127,0.010234,0.001220,0.027179,0.000152,0.006091,0.116609,0.000908,0.006593
21,1765350542.536566,0.007809,0.070473,0.006723,0.001023,0.024026,0.000365,0.006777,0.109355,0.000828,0.007777
22,1765350542.723095,0.005229,0.076335,0.006262,0.000836,0.021993,0.000197,0.008128,0.111974,0.000636,0.006922
23,1765350542.812522,0.006879,0.052819,0.004686,0.001120,0.020320,0.000092,0.004909,0.088188,0.001436,0.006967
24,1765350542.922439,0.005588,0.073614,0.005260,0.000934,0.021367,0.000199,0.007916,0.109083,0.000593,0.007406
25,1765350543.018781,0.008747,0.060780,0.004802,0.001061,0.023837,0.000091,0.007659,0.098327,0.000685,0.007628
26,1765350543.585391,0.007182,0.063716,0.007590,0.001176,0.024355,0.000338,0.006391,0.103425,0.000821,0.007371
27,1765350543.683313,0.006307,0.057108,0.007460,0.002328,0.022230,0.000206,0.003869,0.094012,0.001238,0.007548
28,1765350543.804313,0.005790,0.063949,0.008561,0.000980,0.023812,0.000348,0.006774,0.103531,0.000579,0.007691
29,1765350543.893374,0.006015,0.049644,0.005515,0.000820,0.020632,0.000468,0.006963,0.085934,0.000485,0.007943
30,1765350543.996831,0.007723,0.052565,0.007770,0.001161,0.023868,0.000176,0.005171,0.088724,0.000910,0.006002
31,1765350544.091453,0.006031,0.058828,0.006251,0.001024,0.021110,0.000166,0.006418,0.094812,0.000581,0.009345
32,1765350544.231492,0.007611,0.066068,0.007596,0.002566,0.025315,0.000179,0.005347,0.107395,0.001105,0.008520
33,1765350544.336803,0.006900,0.059767,0.006967,0.003188,0.026649,0.000227,0.007108,0.106342,0.001194,0.007507
34,1765350544.457657,0.007512,0.076849,0.008961,0.000910,0.025128,0.000161,0.005571,0.117508,0.000735,0.006976
35,1765350544.569347,0.006337,0.068884,0.009504,0.001956,0.027034,0.000185,0.007216,0.111002,0.000897,0.006956
36,1765350544.662861,0.010182,0.052097,0.009968,0.001138,0.028076,0.000162,0.004119,0.092384,0.001572,0.006615
37,1765350544.831144,0.006870,0.059124,0.009501,0.002554,0.025049,0.000121,0.003951,0.099125,0.001089,0.008542
38,1765350544.925635,0.005339,0.053430,0.005913,0.000888,0.020954,0.000302,0.007289,0.091296,0.000612,0.010907
39,1765350545.031211,0.007922,0.067612,0.008989,0.002729,0.027009,0.000113,0.005367,0.107982,0.000839,0.006703
40,1765350545.184355,0.006341,0.066936,0.012005,0.001064,0.029429,0.000588,0.007771,0.111696,0.000931,0.006682
41,1765350545.292951,0.012361,0.063986,0.011120,0.001534,0.035725,0.000385,0.007616,0.115171,0.001272,0.007540
42,1765350545.443454,0.007570,0.093955,0.008313,0.001866,0.026043,0.000214,0.005161,0.137439,0.001267,0.007191
43,1765350545.578583,0.009475,0.089298,0.008947,0.003822,0.030349,0.000225,0.004727,0.136962,0.002173,0.008832
44,1765350545.697566,0.011426,0.072828,0.006662,0.001477,0.032638,0.000228,0.010569,0.122321,0.001030,0.006636
45,1765350545.831208,0.013343,0.082703,0.005295,0.001777,0.031225,0.000466,0.006845,0.129456,0.002967,0.007271
46,1765350545.961248,0.006721,0.065533,0.007334,0.001322,0.023570,0.000416,0.005402,0.108293,0.000766,0.008358
47,1765350546.077650,0.009068,0.072849,0.006304,0.001157,0.022878,0.000352,0.004017,0.114052,0.000856,0.008500
48,1765350546.191506,0.007036,0.074863,0.006167,0.001000,0.020110,0.000265,0.004147,0.109557,0.000735,0.006495
49,1765350546.345903,0.006741,0.079883,0.007768,0.000980,0.023610,0.000596,0.004469,0.123452,0.001888,0.011090
50,1765350546.495649,0.009687,0.104575,0.010169,0.003617,0.040999,0.000222,0.010938,0.167488,0.004673,0.011178
51,1765350546.657042,0.011213,0.096118,0.009971,0.001583,0.032095,0.000187,0.006289,0.151753,0.001200,0.014206
52,1765350546.823480,0.011802,0.112114,0.010851,0.001394,0.033086,0.000182,0.006525,0.161339,0.000997,0.008720
53,1765350546.951394,0.006930,0.075347,0.007851,0.001720,0.024049,0.000594,0.004325,0.120246,0.001368,0.007787
54,1765350547.086213,0.046766,0.087842,0.009187,0.006890,0.083950,0.000455,0.006461,0.201708,0.012585,0.013601
55,1765350547.294282,0.013049,0.097195,0.007308,0.001414,0.036664,0.000352,0.009996,0.152617,0.003518,0.008223
56,1765350547.431468,0.014476,0.081022,0.007741,0.002017,0.036892,0.000266,0.007813,0.135967,0.002925,0.008029
57,1765350547.565905,0.016534,0.077847,0.008150,0.002002,0.037833,0.000105,0.007675,0.134094,0.001593,0.009908
58,1765350547.741616,0.008831,0.118273,0.008440,0.001709,0.028948,0.000571,0.007033,0.170217,0.000875,0.009084
59,1765350548.013546,0.038728,0.184224,0.014061,0.010631,0.098265,0.000249,0.019541,0.348195,0.013405,0.013702
60,1765350548.293922,0.018403,0.113215,0.008960,0.002894,0.056767,0.001380,0.011139,0.279339,0.010242,0.046601
61,1765350548.515821,0.006197,0.091557,0.006968,0.001454,0.021246,0.000135,0.004169,0.127144,0.000857,0.006318
62,1765350548.625587,0.008715,0.072297,0.006550,0.001028,0.025324,0.000158,0.007189,0.110262,0.000829,0.005019
63,1765350549.302491,0.014378,0.083196,0.006928,0.001019,0.032616,0.000333,0.008441,0.132641,0.000789,0.008344
64,1765350549.437405,0.013697,0.081141,0.007658,0.002078,0.032308,0.000191,0.005792,0.130155,0.001651,0.007122
65,1765350549.654583,0.008860,0.166087,0.013368,0.003016,0.041664,0.000305,0.013431,0.230443,0.001269,0.011451
66,1765350549.821204,0.005946,0.103489,0.007930,0.000927,0.027074,0.000256,0.008918,0.147078,0.000710,0.005621
67,1765350550.531583,0.008982,0.052685,0.013682,0.001742,0.037220,0.000319,0.009527,0.104214,0.000998,0.006240
68,1765350550.655671,0.006138,0.074843,0.013795,0.000995,0.033522,0.000419,0.010711,0.123805,0.000776,0.009159
69,1765350550.773193,0.006931,0.068232,0.010166,0.000894,0.029183,0.000576,0.009096,0.112572,0.000634,0.008026
70,1765350550.894042,0.009600,0.074629,0.010263,0.001437,0.031609,0.000876,0.007961,0.123839,0.001072,0.008843
71,1765350551.028235,0.009845,0.083344,0.007303,0.000804,0.028014,0.000307,0.008297,0.127575,0.000695,0.008765
72,1765350551.137782,0.008377,0.061551,0.008964,0.001195,0.029118,0.000478,0.008105,0.109556,0.000822,0.008002
73,1765350551.253637,0.004895,0.068567,0.007872,0.000855,0.023058,0.000232,0.007789,0.106896,0.000686,0.008558
74,1765350552.019163,0.007223,0.071080,0.007206,0.001158,0.026837,0.000405,0.009222,0.121348,0.001089,0.014774
75,1765350552.135696,0.006772,0.064143,0.008178,0.002489,0.027079,0.000368,0.007256,0.105924,0.001134,0.008027
76,1765350552.233476,0.006970,0.056186,0.009169,0.001946,0.026534,0.000687,0.005902,0.099925,0.001087,0.009540
77,1765350552.339545,0.006182,0.060227,0.005174,0.001065,0.022570,0.000688,0.007830,0.099931,0.000922,0.008628
78,1765350552.433473,0.006204,0.056936,0.006555,0.001928,0.022794,0.000368,0.005949,0.097938,0.000954,0.011089
79,1765350552.564845,0.021395,0.086889,0.007870,0.009432,0.051186,0.000325,0.008785,0.159700,0.001490,0.008032
80,1765350552.696703,0.008404,0.060387,0.006772,0.002345,0.022532,0.000331,0.002965,0.099358,0.000912,0.009993
81,1765350552.802977,0.005914,0.066444,0.009411,0.000885,0.026851,0.000647,0.007729,0.110269,0.000923,0.008405
82,1765350552.927786,0.010087,0.077536,0.013260,0.001017,0.033734,0.001003,0.006395,0.128999,0.001894,0.008215
83,1765350553.041215,0.010423,0.063869,0.007132,0.001740,0.026572,0.000200,0.004146,0.103928,0.001170,0.005340
84,1765350553.833560,0.005194,0.069519,0.009932,0.001411,0.022932,0.000214,0.003366,0.110841,0.001692,0.010578
85,1765350553.944438,0.009644,0.069079,0.008550,0.001089,0.025244,0.000173,0.004234,0.107580,0.000845,0.005891
86,1765350554.056789,0.006980,0.076569,0.004793,0.000784,0.017735,0.000140,0.003655,0.107591,0.000663,0.007366
87,1765350554.144322,0.008611,0.055179,0.004406,0.000940,0.019476,0.000130,0.003264,0.088965,0.001018,0.007438
88,1765350554.253326,0.009057,0.072681,0.006810,0.001368,0.026845,0.000289,0.006441,0.120725,0.001361,0.009585
89,1765350554.386080,0.006962,0.071759,0.009084,0.002042,0.029405,0.000351,0.007806,0.123129,0.001334,0.008666
90,1765350554.514444,0.008720,0.077480,0.007459,0.001288,0.024293,0.000305,0.003213,0.121857,0.001842,0.010443
91,1765350554.632579,0.006686,0.073244,0.010603,0.001321,0.027916,0.000230,0.005429,0.119042,0.002328,0.008845
92,1765350554.746623,0.007633,0.067585,0.008706,0.002180,0.025458,0.000425,0.003825,0.111766,0.001659,0.008954
93,1765350554.856580,0.005474,0.064329,0.003662,0.000915,0.017653,0.000156,0.005573,0.095350,0.000798,0.006012
94,1765350554.985471,0.005988,0.057347,0.008249,0.001590,0.023673,0.000231,0.004648,0.100039,0.001957,0.010916
95,1765350555.087640,0.005660,0.059613,0.008143,0.001917,0.021700,0.000163,0.003956,0.097528,0.000808,0.008968
96,1765350555.181401,0.007435,0.054989,0.006788,0.001308,0.022180,0.000180,0.004439,0.088564,0.000798,0.005075
97,1765350555.291607,0.005344,0.069715,0.007198,0.001028,0.018713,0.000120,0.003210,0.101759,0.000732,0.007246
98,1765350555.374198,0.007338,0.051071,0.004763,0.000869,0.019683,0.000395,0.004184,0.086571,0.000782,0.006907
99,1765350555.473166,0.004583,0.063249,0.005751,0.000929,0.017415,0.000226,0.004036,0.093898,0.000669,0.006913
100,1765350555.567384,0.007375,0.060952,0.006865,0.001079,0.021046,0.000294,0.003477,0.101494,0.001038,0.012667
101,1765350555.671794,0.004867,0.062626,0.007783,0.001664,0.020309,0.000188,0.004192,0.096662,0.000727,0.006861
102,1765350555.773540,0.005189,0.067053,0.006546,0.001030,0.019888,0.000232,0.003934,0.104070,0.000733,0.006883
103,1765350555.868529,0.005103,0.058496,0.006869,0.001503,0.019712,0.000139,0.003154,0.089518,0.001785,0.005321
104,1765350555.964787,0.008212,0.065244,0.007214,0.001218,0.022600,0.000540,0.003334,0.106784,0.000878,0.009186
105,1765350556.071569,0.005090,0.064450,0.006896,0.000877,0.020268,0.000197,0.005119,0.099317,0.000791,0.008136
106,1765350556.167030,0.006202,0.059267,0.006397,0.001136,0.020828,0.000455,0.003696,0.097941,0.000740,0.007729
107,1765350556.268739,0.004728,0.062396,0.005519,0.001023,0.016310,0.000137,0.002689,0.091951,0.000840,0.007290
108,1765350556.362707,0.007369,0.066207,0.004980,0.001361,0.019799,0.000356,0.002899,0.100880,0.000784,0.007483
109,1765350556.464106,0.005488,0.064423,0.004881,0.001508,0.018545,0.000178,0.004148,0.096762,0.000972,0.005691
110,1765350556.576196,0.006670,0.079300,0.004511,0.000861,0.020973,0.000234,0.006374,0.118596,0.000667,0.007795
111,1765350556.691576,0.006454,0.073250,0.004128,0.000999,0.018265,0.000146,0.005221,0.105043,0.000645,0.007193
112,1765350556.781390,0.008239,0.058624,0.006190,0.002273,0.027052,0.000190,0.008506,0.100533,0.000866,0.008074
113,1765350556.891393,0.005005,0.068186,0.006745,0.000854,0.018151,0.000215,0.003481,0.100541,0.000663,0.007947
114,1765350556.978402,0.006659,0.052056,0.007310,0.000944,0.021104,0.000246,0.003975,0.087287,0.000657,0.006336
115,1765350557.084747,0.004655,0.069381,0.006988,0.001194,0.019045,0.000140,0.003822,0.102624,0.001179,0.006795
116,1765350557.179187,0.006495,0.060166,0.007343,0.000914,0.023946,0.000190,0.007403,0.097119,0.000604,0.006375
117,1765350557.281439,0.005762,0.066049,0.004828,0.001113,0.016913,0.000174,0.002832,0.096631,0.000788,0.005963
118,1765350557.361636,0.006620,0.050058,0.004522,0.000948,0.017518,0.000467,0.003774,0.080030,0.000707,0.006178
119,1765350557.443863,0.006440,0.051326,0.003247,0.000851,0.015495,0.000312,0.002912,0.086352,0.000586,0.006625
120,1765350557.544582,0.007695,0.067281,0.002487,0.001384,0.015780,0.000426,0.002691,0.096986,0.000612,0.005065
121,1765350557.633506,0.004668,0.054312,0.005070,0.000912,0.016305,0.000207,0.003061,0.083463,0.000877,0.005117
122,1765350557.725482,0.006006,0.062567,0.004191,0.001039,0.020118,0.000171,0.006761,0.096014,0.000648,0.006772
123,1765350557.814848,0.008638,0.054771,0.004884,0.001177,0.019414,0.000218,0.002785,0.086814,0.000890,0.006548
124,1765350557.917405,0.011361,0.069205,0.006451,0.001893,0.032375,0.000206,0.008473,0.116574,0.001659,0.004802
125,1765350558.021177,0.005433,0.056276,0.005415,0.001180,0.017825,0.000121,0.003687,0.087133,0.000719,0.006045
126,1765350558.113556,0.008011,0.060814,0.006686,0.000832,0.022609,0.000220,0.004628,0.096680,0.001095,0.005924
127,1765350558.219439,0.005150,0.069465,0.006902,0.001029,0.017950,0.000184,0.003331,0.098418,0.000662,0.004786
128,1765350558.311557,0.006739,0.062658,0.005495,0.000943,0.022275,0.000233,0.006159,0.098131,0.000643,0.006108
129,1765350558.402274,0.005356,0.054255,0.004836,0.001509,0.016999,0.000189,0.002712,0.082946,0.000717,0.004968
130,1765350558.481202,0.007034,0.050110,0.004238,0.001301,0.017165,0.000235,0.002329,0.080376,0.001144,0.007055
131,1765350558.562456,0.005143,0.051582,0.005378,0.001398,0.017929,0.000239,0.003754,0.082047,0.000870,0.005081
132,1765350558.645000,0.007380,0.051151,0.005501,0.001021,0.021837,0.000355,0.005469,0.087548,0.000863,0.006213
133,1765350558.747795,0.007686,0.064965,0.002602,0.001381,0.016349,0.000183,0.002487,0.095143,0.000999,0.007083
134,1765350558.832974,0.005423,0.053596,0.005960,0.001798,0.018470,0.000233,0.002604,0.087479,0.000640,0.006429
135,1765350558.926211,0.011465,0.060589,0.007693,0.002680,0.028406,0.000179,0.002981,0.099364,0.002518,0.004696
136,1765350559.034377,0.004504,0.070555,0.005928,0.000828,0.016224,0.000325,0.002329,0.101411,0.000602,0.008004
137,1765350559.126031,0.007588,0.058823,0.006095,0.003330,0.024241,0.000166,0.003278,0.093976,0.002514,0.004752
138,1765350559.211401,0.005581,0.051179,0.005349,0.002193,0.018545,0.000154,0.003031,0.080844,0.001364,0.005165
139,1765350559.297755,0.007462,0.054545,0.005681,0.001059,0.020450,0.000263,0.004062,0.091796,0.000865,0.008828
140,1765350559.405220,0.004422,0.068261,0.005252,0.000854,0.016251,0.000165,0.003843,0.095583,0.000653,0.005080
141,1765350559.496296,0.005915,0.066119,0.007107,0.001940,0.021183,0.000396,0.003037,0.102842,0.001106,0.007466
142,1765350559.599236,0.005282,0.060856,0.005381,0.002628,0.017749,0.000187,0.002289,0.091235,0.000728,0.005689
143,1765350559.680084,0.007028,0.049747,0.004892,0.001008,0.019212,0.000442,0.003716,0.081230,0.001040,0.006017
144,1765350559.763372,0.007037,0.051020,0.004170,0.000978,0.018121,0.000414,0.004363,0.082735,0.000772,0.006337
145,1765350559.850137,0.014331,0.053705,0.005049,0.001887,0.028418,0.000160,0.004529,0.094866,0.001658,0.007319
146,1765350559.944648,0.007336,0.056048,0.005883,0.001137,0.019397,0.000151,0.002956,0.087385,0.000703,0.005600
147,1765350560.031293,0.005542,0.053612,0.003995,0.001473,0.015861,0.000290,0.002952,0.086154,0.000662,0.007624
148,1765350560.128461,0.007449,0.060660,0.007103,0.002135,0.024280,0.000151,0.003967,0.096931,0.002039,0.004753
149,1765350560.215462,0.005797,0.054815,0.007343,0.001685,0.022175,0.000153,0.004898,0.087493,0.001535,0.005521
150,1765350560.312906,0.006842,0.059814,0.006839,0.000915,0.021695,0.000368,0.004605,0.093736,0.000910,0.006211
151,1765350560.401590,0.004815,0.055231,0.007709,0.001501,0.020249,0.000260,0.004008,0.090448,0.000762,0.007873
152,1765350560.495983,0.007470,0.060400,0.008437,0.001111,0.023581,0.000213,0.004348,0.098449,0.000853,0.008056
153,1765350560.601362,0.004575,0.065176,0.005799,0.000857,0.016259,0.000255,0.002801,0.095483,0.000684,0.006717
154,1765350560.698657,0.008423,0.063119,0.005447,0.001433,0.020970,0.000189,0.003524,0.096778,0.000889,0.006776
155,1765350560.801594,0.006073,0.068159,0.007744,0.001173,0.021183,0.000200,0.003588,0.101478,0.001645,0.004906
156,1765350560.901619,0.005464,0.067817,0.006677,0.000913,0.018226,0.000158,0.003202,0.099467,0.000827,0.007054
157,1765350561.001148,0.007051,0.065352,0.007263,0.001063,0.021425,0.000274,0.003473,0.099934,0.001000,0.006613
158,1765350561.101220,0.004902,0.063677,0.007478,0.001041,0.019023,0.000247,0.003053,0.098439,0.000686,0.008094
159,1765350561.204551,0.005101,0.067108,0.006144,0.000872,0.016964,0.000152,0.003306,0.098260,0.000660,0.007330
160,1765350561.298874,0.007236,0.063457,0.005409,0.001205,0.019732,0.000244,0.003691,0.096466,0.000752,0.005790
161,1765350561.394589,0.006091,0.066384,0.003023,0.002180,0.016903,0.000250,0.003164,0.098827,0.000780,0.007707
162,1765350561.498578,0.005979,0.067833,0.006728,0.002019,0.020621,0.000126,0.003568,0.099370,0.000992,0.005042
163,1765350561.596471,0.005578,0.064030,0.007631,0.001044,0.022359,0.000172,0.005406,0.097984,0.000976,0.005592
164,1765350561.678860,0.008316,0.049392,0.006122,0.001318,0.021768,0.000160,0.003770,0.083228,0.000925,0.005336
165,1765350561.776575,0.005054,0.061058,0.005064,0.000846,0.018880,0.000170,0.006065,0.092493,0.000625,0.006890
166,1765350561.861362,0.006591,0.053296,0.005619,0.000964,0.020320,0.000448,0.004771,0.086557,0.000756,0.006318
167,1765350561.941442,0.004949,0.046055,0.004533,0.001029,0.017286,0.000119,0.005243,0.073549,0.000643,0.005354
168,1765350562.023451,0.004835,0.055674,0.004400,0.000836,0.017610,0.000167,0.005878,0.084280,0.000612,0.006142
169,1765350562.109192,0.004970,0.053024,0.004213,0.000818,0.014491,0.000140,0.003100,0.078327,0.000596,0.005099
170,1765350562.196001,0.006559,0.060822,0.004503,0.001034,0.017216,0.000191,0.003324,0.090136,0.000691,0.006782
171,1765350562.275882,0.007316,0.048990,0.004997,0.001914,0.021925,0.000302,0.005924,0.084869,0.000705,0.005599
172,1765350562.365239,0.007508,0.053041,0.005300,0.001533,0.021796,0.000149,0.003793,0.087452,0.002302,0.005565
173,1765350562.461549,0.006668,0.061786,0.004633,0.001021,0.018209,0.000219,0.004045,0.093351,0.000776,0.008081
174,1765350562.545904,0.007015,0.052124,0.006276,0.000838,0.021996,0.000271,0.005344,0.087747,0.000607,0.007243
175,1765350562.642221,0.006028,0.060776,0.004686,0.001083,0.019592,0.000240,0.005747,0.092564,0.000752,0.006556
176,1765350562.729060,0.007471,0.052973,0.006158,0.000814,0.021346,0.000393,0.004666,0.089351,0.000808,0.006249
177,1765350562.828832,0.005148,0.063215,0.006174,0.000922,0.018747,0.000486,0.005063,0.094608,0.000612,0.006955
178,1765350562.911517,0.005571,0.051947,0.009869,0.000815,0.025279,0.000175,0.006466,0.087927,0.001386,0.005298
179,1765350563.007113,0.006666,0.060699,0.008043,0.000884,0.023835,0.000218,0.005570,0.097578,0.000982,0.005948
180,1765350563.098522,0.007148,0.049808,0.007691,0.001446,0.024257,0.000132,0.005871,0.085512,0.000935,0.005288
181,1765350563.195129,0.006862,0.061101,0.009041,0.001071,0.025931,0.000232,0.005033,0.099427,0.000751,0.006000
182,1765350563.301191,0.005966,0.065801,0.005691,0.001217,0.020382,0.000163,0.004832,0.098724,0.001570,0.005806
183,1765350563.394890,0.006822,0.061517,0.004534,0.000974,0.019155,0.000273,0.005128,0.093662,0.000576,0.006363
184,1765350563.476811,0.005599,0.048773,0.009055,0.000813,0.024008,0.000134,0.006057,0.085022,0.000688,0.005993
185,1765350563.561611,0.007734,0.049926,0.005753,0.000991,0.022360,0.000158,0.005145,0.083778,0.001086,0.005153
186,1765350563.643038,0.007047,0.045183,0.006816,0.000963,0.022837,0.000175,0.005896,0.081733,0.000679,0.005943
187,1765350563.725529,0.008253,0.048302,0.007957,0.002584,0.026346,0.000227,0.005232,0.085285,0.001380,0.005332
188,1765350563.827727,0.006156,0.062089,0.005286,0.000825,0.018714,0.000269,0.004829,0.094552,0.000573,0.007051
189,1765350563.909553,0.006447,0.048236,0.008494,0.000758,0.024303,0.000201,0.006572,0.085538,0.000692,0.006479
190,1765350563.998984,0.006077,0.051958,0.005568,0.001747,0.021487,0.000190,0.005754,0.087232,0.000734,0.006804
191,1765350564.099805,0.005336,0.064355,0.008699,0.002045,0.026404,0.000313,0.007779,0.105435,0.001368,0.008041
192,1765350564.198069,0.007872,0.057586,0.007138,0.001038,0.024987,0.000334,0.006805,0.095732,0.000961,0.007132
193,1765350564.300380,0.006467,0.060661,0.007178,0.002098,0.023827,0.000171,0.006065,0.098935,0.000691,0.007812
194,1765350564.404004,0.005685,0.064958,0.007002,0.001549,0.024848,0.000323,0.008572,0.104169,0.000699,0.007309
195,1765350564.503420,0.005946,0.058689,0.010254,0.001684,0.027937,0.000230,0.008035,0.102114,0.000668,0.006832
196,1765350564.599335,0.005818,0.052981,0.010646,0.001445,0.027655,0.000374,0.007604,0.094046,0.000885,0.007041
197,1765350564.700276,0.007576,0.058001,0.011496,0.001055,0.029422,0.000492,0.007069,0.101466,0.000846,0.007561
198,1765350564.800202,0.004694,0.056252,0.018659,0.001129,0.033971,0.000333,0.006736,0.104714,0.000672,0.006745
199,1765350564.917606,0.004754,0.069004,0.006479,0.002171,0.022393,0.000208,0.006868,0.104301,0.001154,0.007374
200,1765350565.011181,0.008073,0.059529,0.013049,0.001268,0.031921,0.000589,0.007106,0.107199,0.001229,0.008692
201,1765350565.111216,0.008915,0.052715,0.017893,0.001380,0.039371,0.000397,0.008788,0.105551,0.001161,0.006803
202,1765350565.238621,0.006971,0.069665,0.023331,0.001156,0.046383,0.000796,0.012260,0.130904,0.000699,0.005803
203,1765350565.372007,0.007496,0.073193,0.014908,0.001451,0.036727,0.000460,0.010621,0.126433,0.000886,0.010003
204,1765350565.482946,0.009585,0.056790,0.012450,0.001351,0.037583,0.000596,0.011753,0.110451,0.001386,0.008417
205,1765350565.601389,0.005603,0.067685,0.018141,0.001137,0.038596,0.000747,0.011203,0.120068,0.001188,0.007245
206,1765350565.721422,0.012178,0.060648,0.022215,0.002311,0.049132,0.000389,0.009761,0.121973,0.001374,0.005106
207,1765350565.851320,0.013013,0.068814,0.014633,0.001577,0.045192,0.000602,0.013079,0.128014,0.001563,0.006483
208,1765350565.972206,0.005030,0.061985,0.021956,0.000854,0.040762,0.000933,0.010882,0.117094,0.000597,0.006224
209,1765350566.091580,0.008034,0.064823,0.031337,0.001086,0.055293,0.001824,0.012533,0.134042,0.000955,0.005372
210,1765350566.225142,0.009256,0.064473,0.031129,0.000835,0.059171,0.000762,0.014686,0.137299,0.000684,0.005440
211,1765350566.377819,0.011518,0.076884,0.019575,0.001432,0.056902,0.000647,0.020693,0.147351,0.001136,0.005554
212,1765350566.513480,0.009588,0.066434,0.022953,0.001755,0.054296,0.000684,0.017338,0.134942,0.000738,0.006720
213,1765350566.649601,0.009615,0.065794,0.020514,0.001150,0.057769,0.000444,0.023876,0.137737,0.001020,0.007595
214,1765350566.787643,0.013300,0.063297,0.029035,0.002263,0.065871,0.001135,0.016902,0.149072,0.001951,0.009607
215,1765350566.946383,0.010603,0.074286,0.022402,0.000995,0.052828,0.000901,0.015813,0.141995,0.001161,0.006396
216,1765350567.094080,0.007062,0.078724,0.027624,0.000907,0.051151,0.000968,0.013343,0.146059,0.000648,0.008576
217,1765350567.228931,0.008894,0.067274,0.025382,0.001053,0.050267,0.000735,0.012968,0.130548,0.000726,0.006695
218,1765350567.361187,0.006747,0.066329,0.017185,0.000970,0.035996,0.000841,0.008213,0.119326,0.000585,0.008007
219,1765350567.476273,0.008501,0.062484,0.026533,0.000994,0.048178,0.001273,0.008984,0.131215,0.000725,0.008291
220,1765350567.614448,0.007105,0.069356,0.019599,0.001162,0.040026,0.001806,0.009750,0.129713,0.000773,0.008734
221,1765350567.743190,0.007856,0.066854,0.024022,0.000994,0.049145,0.001192,0.012900,0.130874,0.000978,0.006978
222,1765350567.869475,0.011451,0.058231,0.028240,0.003199,0.062136,0.001637,0.015178,0.138366,0.001980,0.006676
223,1765350568.005537,0.006065,0.056647,0.020837,0.001035,0.039796,0.001368,0.009990,0.111589,0.000678,0.008239
224,1765350568.118052,0.015214,0.057998,0.026190,0.002150,0.056195,0.000718,0.010295,0.127785,0.001508,0.006761
225,1765350568.246100,0.009188,0.056181,0.019176,0.002609,0.046631,0.000994,0.013655,0.115533,0.000899,0.005763
226,1765350568.362496,0.007177,0.059972,0.019862,0.001522,0.041841,0.000673,0.010872,0.112963,0.001288,0.005986
227,1765350568.484407,0.005893,0.065038,0.014627,0.002452,0.035960,0.001401,0.009521,0.117550,0.001154,0.007469
228,1765350568.607467,0.005583,0.069962,0.020925,0.000870,0.040657,0.001014,0.011462,0.125473,0.000603,0.007820
229,1765350568.713496,0.009449,0.050327,0.014497,0.000999,0.040088,0.000575,0.012938,0.101141,0.000856,0.004523
230,1765350568.831203,0.006747,0.066261,0.018486,0.001088,0.039119,0.000616,0.010132,0.116259,0.000568,0.004539
231,1765350568.947316,0.007530,0.066151,0.015873,0.001468,0.034556,0.001169,0.007007,0.117411,0.001067,0.008718
232,1765350569.067220,0.006607,0.069145,0.015119,0.000964,0.032499,0.000736,0.007840,0.112784,0.000625,0.004906
233,1765350569.168237,0.005216,0.053337,0.019945,0.001801,0.037456,0.000700,0.008051,0.103175,0.001360,0.006056
234,1765350569.286538,0.006975,0.067140,0.013832,0.001658,0.031591,0.000941,0.006995,0.116056,0.000745,0.007943
235,1765350569.400589,0.008028,0.065650,0.010078,0.000984,0.026184,0.000491,0.005221,0.104256,0.000709,0.006100
236,1765350569.497539,0.006619,0.059644,0.010620,0.000951,0.026629,0.000353,0.005456,0.100737,0.000664,0.006905
237,1765350569.602356,0.005766,0.061121,0.010352,0.001049,0.023012,0.000241,0.003964,0.096431,0.000829,0.006791
238,1765350569.699245,0.005885,0.060346,0.008068,0.001709,0.022345,0.000258,0.003942,0.105902,0.001266,0.018078
239,1765350569.794272,0.009642,0.048080,0.003911,0.003629,0.024053,0.000378,0.002883,0.088249,0.002744,0.008470
240,1765350569.901412,0.006050,0.063330,0.009133,0.001188,0.023271,0.000664,0.004471,0.104175,0.000690,0.008044
241,1765350570.001289,0.008026,0.059268,0.020940,0.000995,0.042049,0.000902,0.010079,0.114584,0.000683,0.006111
242,1765350570.113672,0.009040,0.056509,0.008687,0.001027,0.032112,0.000840,0.011677,0.102472,0.000800,0.007672
243,1765350570.219840,0.005884,0.059127,0.012343,0.001953,0.031988,0.000939,0.009356,0.106155,0.000614,0.006749
244,1765350570.335724,0.005507,0.068250,0.010390,0.001173,0.024116,0.000788,0.005442,0.107737,0.000478,0.008379
245,1765350573.078579,0.006498,0.048503,0.003515,0.000998,0.016168,0.000138,0.003589,0.075846,0.000712,0.006497
246,1765350573.163446,0.008323,0.055689,0.006645,0.001361,0.022515,0.000559,0.003804,0.092078,0.000768,0.005495
247,1765350573.261457,0.006777,0.061225,0.008158,0.001011,0.023723,0.000323,0.005564,0.096022,0.000555,0.004662
248,1765350573.343529,0.007723,0.048697,0.003938,0.000989,0.018220,0.000226,0.004296,0.078159,0.000491,0.006410
249,1765350573.428986,0.006546,0.053046,0.004864,0.001248,0.019746,0.000624,0.005532,0.088085,0.000585,0.008602
250,1765350573.511997,0.006099,0.047076,0.008712,0.001002,0.023913,0.000357,0.005805,0.082463,0.000535,0.004843
251,1765350573.594243,0.007513,0.046471,0.010566,0.000825,0.026169,0.000402,0.004920,0.084153,0.000499,0.004979
252,1765350573.676047,0.006242,0.043890,0.003332,0.001014,0.017319,0.000154,0.005245,0.074879,0.000455,0.006466
253,1765350573.757977,0.006299,0.050212,0.004095,0.000873,0.018331,0.000171,0.005822,0.078805,0.000514,0.005509
254,1765350573.841514,0.004773,0.054082,0.003979,0.000843,0.015394,0.000178,0.004473,0.089709,0.000502,0.014806
255,1765350573.924961,0.004569,0.047013,0.004595,0.000900,0.015992,0.000124,0.004615,0.073516,0.000447,0.005032
256,1765350574.008635,0.004978,0.055870,0.004274,0.000976,0.015799,0.000168,0.003901,0.081217,0.000374,0.004837
257,1765350574.089841,0.005159,0.055830,0.005265,0.001052,0.016478,0.000142,0.003537,0.081482,0.000606,0.004650
258,1765350574.171561,0.006450,0.057696,0.002863,0.001082,0.016406,0.000127,0.004788,0.083687,0.000449,0.004369
259,1765350574.257060,0.004702,0.056816,0.006339,0.000864,0.017789,0.000135,0.004373,0.084721,0.000549,0.005363
260,1765350574.344738,0.006004,0.058820,0.004187,0.000956,0.017199,0.000232,0.004766,0.086635,0.000515,0.005679
261,1765350574.425301,0.004356,0.052480,0.003949,0.000867,0.014335,0.000127,0.003679,0.076078,0.000411,0.004506
262,1765350574.506128,0.004923,0.057143,0.004122,0.000911,0.014897,0.000154,0.003528,0.093494,0.000391,0.016707
263,1765350574.588897,0.004988,0.043745,0.003985,0.001001,0.016266,0.000203,0.003899,0.074250,0.000522,0.006936
264,1765350574.678229,0.006450,0.058185,0.003315,0.001004,0.017081,0.000190,0.004826,0.086936,0.000657,0.006167
265,1765350574.756376,0.004647,0.048061,0.003542,0.001542,0.015082,0.000174,0.003820,0.087758,0.000781,0.018492
266,1765350574.838867,0.004915,0.042819,0.004409,0.001995,0.016091,0.000269,0.003305,0.070534,0.000643,0.006103
267,1765350574.923091,0.004512,0.055846,0.004332,0.001679,0.017022,0.000141,0.004783,0.082407,0.000610,0.004682
268,1765350575.007386,0.006530,0.057052,0.005461,0.000907,0.017729,0.000246,0.003613,0.087256,0.000513,0.007688
269,1765350575.091492,0.004850,0.052849,0.004059,0.001423,0.015093,0.000176,0.003071,0.089029,0.000558,0.015970
270,1765350575.176502,0.004937,0.048299,0.004918,0.000906,0.017330,0.000213,0.005382,0.075136,0.000450,0.005010
271,1765350575.257319,0.004779,0.052369,0.004957,0.000892,0.016492,0.000129,0.004565,0.079411,0.000461,0.004997
272,1765350575.343997,0.005170,0.059268,0.006412,0.001060,0.020131,0.000662,0.006331,0.099519,0.000468,0.013973
273,1765350575.444648,0.007253,0.059120,0.011894,0.001162,0.029090,0.000532,0.007110,0.104014,0.000492,0.009852
274,1765350575.541554,0.004824,0.053420,0.005309,0.000938,0.017696,0.000365,0.005355,0.082701,0.000541,0.006505
275,1765350575.624082,0.004681,0.051297,0.009697,0.001051,0.024571,0.000821,0.007636,0.094121,0.000568,0.011220
276,1765350575.727640,0.007803,0.061289,0.009168,0.001102,0.024750,0.000629,0.005360,0.103358,0.000418,0.011712
277,1765350575.825396,0.007215,0.052745,0.020312,0.001047,0.040825,0.001218,0.010578,0.118620,0.000448,0.017529
278,1765350575.945088,0.007900,0.053131,0.012387,0.000859,0.027681,0.001012,0.005084,0.094595,0.000548,0.007150
279,1765350576.044325,0.009301,0.056564,0.009800,0.003200,0.027743,0.000510,0.003413,0.101520,0.001090,0.011281
280,1765350576.146644,0.007681,0.058347,0.020296,0.001021,0.038483,0.000846,0.007671,0.107471,0.000416,0.004576
281,1765350576.247412,0.008368,0.050229,0.019755,0.000921,0.037911,0.001031,0.006736,0.099163,0.000535,0.004869
282,1765350576.347448,0.006324,0.052526,0.024037,0.001148,0.043472,0.001424,0.010357,0.108556,0.000520,0.005944
283,1765350576.467835,0.008287,0.061038,0.022844,0.000963,0.044006,0.000924,0.009230,0.131455,0.000736,0.020085
284,1765350576.596820,0.008338,0.058278,0.025858,0.001495,0.048440,0.001122,0.010139,0.132628,0.000881,0.020051
285,1765350576.731178,0.007827,0.059330,0.026068,0.001223,0.046957,0.001440,0.009529,0.122996,0.000833,0.009793
286,1765350576.847968,0.007236,0.051671,0.020322,0.001717,0.038647,0.000927,0.007140,0.104392,0.000961,0.008155
287,1765350576.957953,0.005717,0.056208,0.021152,0.000941,0.039184,0.001349,0.009827,0.116639,0.000517,0.015426
288,1765350577.083377,0.007392,0.063589,0.023034,0.001269,0.039880,0.000996,0.006741,0.113738,0.000530,0.004721
289,1765350577.201166,0.007112,0.066382,0.006869,0.001350,0.021074,0.000315,0.003929,0.097523,0.000883,0.004551
290,1765350577.277416,0.005686,0.046271,0.010881,0.000821,0.023858,0.000850,0.004016,0.085569,0.000408,0.006960
291,1765350577.377740,0.007953,0.059032,0.019819,0.002522,0.040915,0.000783,0.007787,0.111751,0.001343,0.004852
292,1765350577.478493,0.006053,0.047744,0.022981,0.000929,0.039223,0.001733,0.007130,0.098442,0.000379,0.004933
293,1765350577.573488,0.005908,0.045221,0.018035,0.000952,0.040648,0.000998,0.014058,0.098432,0.000688,0.005984
294,1765350577.683716,0.006672,0.055641,0.032974,0.001472,0.053194,0.001211,0.009539,0.120558,0.001122,0.004560
295,1765350577.821305,0.005323,0.071408,0.034040,0.000896,0.050307,0.001491,0.008106,0.133965,0.000523,0.004672
296,1765350577.951407,0.004824,0.068072,0.037048,0.001712,0.052143,0.001501,0.006591,0.133119,0.000771,0.004991
297,1765350578.087877,0.005147,0.068323,0.021449,0.002137,0.035274,0.000872,0.005046,0.114937,0.000574,0.004669
298,1765350578.196534,0.008715,0.064586,0.017327,0.001351,0.033434,0.001409,0.004571,0.113148,0.000842,0.006892
299,1765350578.313787,0.006753,0.064793,0.015759,0.000833,0.029853,0.000721,0.005079,0.105363,0.000426,0.005164
300,1765350578.418422,0.005242,0.062578,0.014445,0.001193,0.026871,0.000873,0.003745,0.112463,0.000615,0.015418
301,1765350578.532414,0.008088,0.064052,0.012296,0.001205,0.027863,0.000664,0.004663,0.104135,0.000715,0.006768
302,1765350578.634809,0.012197,0.060977,0.012512,0.001815,0.035457,0.000776,0.006874,0.111249,0.000832,0.008343
303,1765350578.750473,0.007603,0.063721,0.012675,0.001398,0.029271,0.000579,0.005836,0.105370,0.000740,0.006427
304,1765350578.842914,0.011489,0.050722,0.012481,0.002760,0.032800,0.000671,0.003802,0.094441,0.001393,0.005266
305,1765350578.949574,0.007478,0.061972,0.016182,0.001352,0.031750,0.000735,0.004431,0.109203,0.000730,0.007772
306,1765350579.049377,0.007058,0.052193,0.011990,0.001239,0.027577,0.000618,0.005469,0.090541,0.000967,0.005117
307,1765350579.147922,0.006110,0.058949,0.010806,0.001065,0.025165,0.000973,0.004932,0.097918,0.000618,0.006189
308,1765350579.250753,0.006099,0.061657,0.015068,0.002029,0.030438,0.000921,0.005527,0.105949,0.000865,0.006391
309,1765350579.348585,0.008379,0.054778,0.011962,0.001372,0.027319,0.000569,0.003936,0.092368,0.000773,0.005130
310,1765350579.449974,0.006731,0.062277,0.009497,0.001270,0.023564,0.000437,0.003454,0.098192,0.001683,0.005114
311,1765350579.546589,0.007440,0.062986,0.006771,0.001542,0.021801,0.000654,0.003803,0.098440,0.000715,0.006499
312,1765350579.651042,0.006671,0.063645,0.004290,0.001147,0.018057,0.000259,0.003439,0.105245,0.000715,0.015870
313,1765350579.746277,0.006215,0.054382,0.010379,0.000827,0.025323,0.000752,0.005747,0.095136,0.000691,0.007675
314,1765350579.848416,0.007322,0.059119,0.007223,0.003426,0.022931,0.000374,0.002632,0.093572,0.001293,0.004688
315,1765350579.964701,0.009699,0.081380,0.007569,0.002110,0.028057,0.000267,0.006839,0.121514,0.000854,0.005635
316,1765350580.066719,0.006780,0.060711,0.006674,0.001088,0.021403,0.000176,0.005143,0.093192,0.000617,0.005394
317,1765350580.159863,0.005717,0.059731,0.004055,0.000903,0.016832,0.000420,0.003581,0.107899,0.000766,0.019052
318,1765350580.265633,0.009267,0.058589,0.003878,0.001300,0.019041,0.000172,0.002749,0.088808,0.000689,0.005109
319,1765350580.348796,0.006235,0.051378,0.003501,0.001054,0.015572,0.000198,0.002978,0.079673,0.000878,0.007481
320,1765350580.430128,0.007601,0.051545,0.006351,0.001073,0.021113,0.000358,0.003678,0.088418,0.000597,0.006081
321,1765350580.531423,0.006159,0.065247,0.006299,0.001687,0.020911,0.000254,0.004466,0.098272,0.000800,0.005226
322,1765350580.628010,0.007203,0.062148,0.003394,0.000882,0.016974,0.000493,0.003830,0.107328,0.000429,0.016556
323,1765350580.731217,0.006232,0.057117,0.003177,0.001123,0.017109,0.000386,0.003968,0.087638,0.001178,0.005708
324,1765350580.814144,0.008197,0.051749,0.007879,0.000951,0.022604,0.000216,0.003155,0.086865,0.000984,0.005195
325,1765350580.914775,0.008562,0.065044,0.003044,0.001426,0.018262,0.000547,0.002803,0.099103,0.000925,0.007400
326,1765350581.016248,0.006112,0.066392,0.005129,0.001094,0.018140,0.000493,0.003343,0.098149,0.000713,0.006886
327,1765350581.098079,0.006802,0.050577,0.003695,0.001457,0.015157,0.000263,0.001869,0.084744,0.000629,0.013131
328,1765350581.194557,0.006970,0.061959,0.003939,0.000973,0.015701,0.000193,0.002504,0.088661,0.000477,0.005887
329,1765350581.279039,0.006690,0.055002,0.003388,0.000986,0.015318,0.000210,0.002886,0.081533,0.000478,0.005338
330,1765350581.356808,0.004151,0.050381,0.003336,0.001813,0.013599,0.000137,0.002547,0.075061,0.000494,0.004295
331,1765350581.425983,0.005767,0.044331,0.004541,0.000958,0.016270,0.000180,0.003451,0.070046,0.000571,0.004481
332,1765350581.510226,0.004833,0.057832,0.004260,0.000818,0.013519,0.000206,0.002360,0.080544,0.000553,0.004609
333,1765350581.591340,0.005864,0.058498,0.020844,0.001201,0.036715,0.000706,0.007272,0.117675,0.000591,0.016722
334,1765350581.710968,0.006334,0.057869,0.017480,0.000950,0.031827,0.000924,0.005680,0.101013,0.000504,0.005239
335,1765350581.810500,0.005470,0.056169,0.019348,0.000882,0.031234,0.000831,0.004098,0.098770,0.000447,0.005014
336,1765350581.909885,0.005442,0.056110,0.015010,0.000979,0.026872,0.000914,0.003650,0.098076,0.000488,0.008481
337,1765350582.009815,0.005359,0.057904,0.013133,0.000838,0.026041,0.000925,0.004679,0.104159,0.000522,0.013766
338,1765350582.109370,0.007884,0.051495,0.014912,0.000983,0.029868,0.000597,0.004307,0.091063,0.000396,0.004747
339,1765350582.208818,0.005098,0.061330,0.011815,0.000833,0.024533,0.000595,0.005297,0.098357,0.000454,0.005959
340,1765350582.290922,0.004900,0.042306,0.005278,0.000882,0.016576,0.000350,0.003888,0.069618,0.000635,0.005840
341,1765350582.376446,0.005235,0.058373,0.006373,0.000809,0.017514,0.000212,0.003758,0.086312,0.000449,0.005512
342,1765350582.458266,0.004879,0.051533,0.005671,0.000844,0.016790,0.000249,0.004122,0.077616,0.000412,0.004477
343,1765350582.543911,0.005083,0.059368,0.003857,0.000855,0.016484,0.000205,0.005314,0.087189,0.000491,0.006335
344,1765350582.624882,0.005108,0.052346,0.006779,0.000981,0.019256,0.000350,0.004820,0.082185,0.000714,0.005624
345,1765350582.708310,0.005076,0.051787,0.004880,0.001841,0.018023,0.000248,0.004898,0.080658,0.000473,0.005590
346,1765350582.790375,0.005202,0.052729,0.007065,0.000938,0.019231,0.000252,0.004110,0.082154,0.000644,0.004882
347,1765350582.875224,0.004402,0.054030,0.005412,0.001675,0.017633,0.000256,0.004858,0.081730,0.000487,0.004546
348,1765350582.958872,0.005041,0.055668,0.010480,0.000905,0.024443,0.000611,0.006376,0.100765,0.000500,0.013674
349,1765350583.057565,0.005167,0.053082,0.012927,0.000843,0.028584,0.000365,0.007706,0.103706,0.000576,0.016640
350,1765350583.158690,0.005285,0.049043,0.015754,0.001332,0.032830,0.000556,0.008561,0.104103,0.000588,0.016937
351,1765350583.258544,0.005648,0.044095,0.028537,0.000993,0.048054,0.000648,0.011389,0.105956,0.000576,0.008277
352,1765350583.381374,0.006367,0.058745,0.015176,0.001160,0.033387,0.000610,0.009138,0.105312,0.000509,0.006401
353,1765350583.482276,0.007386,0.054805,0.013457,0.001363,0.034212,0.000727,0.009917,0.101277,0.000652,0.005606
354,1765350583.577886,0.007528,0.049625,0.020823,0.002374,0.042015,0.000638,0.009452,0.103052,0.000610,0.004753
355,1765350583.696603,0.006786,0.064662,0.008282,0.000899,0.022486,0.000393,0.004440,0.099382,0.000568,0.006433
356,1765350583.792486,0.004583,0.059457,0.009297,0.000770,0.021632,0.000480,0.005734,0.095879,0.000490,0.009274
357,1765350583.876816,0.005464,0.046827,0.005053,0.000961,0.017817,0.000260,0.005105,0.074713,0.000549,0.004994
358,1765350583.955740,0.006002,0.050422,0.005732,0.001084,0.019440,0.000295,0.005209,0.079413,0.000465,0.004569
359,1765350584.042752,0.004601,0.057516,0.013948,0.000990,0.026308,0.000365,0.004855,0.103427,0.000466,0.013333
360,1765350584.142592,0.005241,0.053457,0.014477,0.000900,0.027970,0.000399,0.005657,0.104637,0.000420,0.017927
361,1765350584.241604,0.005606,0.047833,0.011464,0.001132,0.024894,0.000560,0.005033,0.090588,0.000529,0.011272
362,1765350584.344492,0.006088,0.057585,0.012430,0.000954,0.027127,0.000438,0.005140,0.104771,0.000579,0.014324
363,1765350584.442074,0.005135,0.047877,0.013333,0.001283,0.027479,0.000499,0.005898,0.087276,0.000420,0.004653
364,1765350584.523294,0.004466,0.043300,0.011767,0.000866,0.022989,0.000539,0.004615,0.077446,0.000423,0.006455
365,1765350584.610198,0.005525,0.051895,0.013147,0.000869,0.027726,0.000707,0.006267,0.089608,0.000609,0.004668
366,1765350584.691456,0.005629,0.042166,0.014931,0.001201,0.031798,0.000727,0.008417,0.083823,0.000538,0.004408
367,1765350584.791155,0.005004,0.057629,0.019508,0.001047,0.034365,0.000634,0.007172,0.102062,0.000591,0.004596
368,1765350584.903414,0.004802,0.067072,0.017473,0.002209,0.032480,0.000845,0.005831,0.114841,0.000622,0.007650
369,1765350585.015217,0.008019,0.062728,0.028411,0.001534,0.049573,0.001438,0.009599,0.125949,0.000767,0.006152
370,1765350585.131294,0.007221,0.052944,0.020318,0.000958,0.039955,0.000934,0.009738,0.103717,0.000588,0.005051
371,1765350585.241170,0.007156,0.060865,0.017028,0.001268,0.035856,0.001104,0.007499,0.110669,0.001530,0.007302
372,1765350585.346089,0.007439,0.051647,0.034811,0.000866,0.053338,0.001914,0.008506,0.119559,0.000603,0.006658
373,1765350591.539409,0.004989,0.056435,0.030574,0.000887,0.043311,0.001567,0.005196,0.114778,0.000591,0.006201
374,1765350591.646967,0.009602,0.050332,0.027671,0.000916,0.045077,0.001721,0.005109,0.108598,0.000640,0.006275
375,1765350591.764687,0.008073,0.056992,0.029353,0.000934,0.047170,0.000902,0.007132,0.117674,0.000510,0.007126
376,1765350591.879844,0.007652,0.053049,0.024891,0.000996,0.045241,0.001271,0.009959,0.112662,0.000672,0.005311
377,1765350591.995795,0.007531,0.057581,0.034897,0.001041,0.052662,0.001729,0.007084,0.125043,0.000766,0.007022
378,1765350592.114062,0.009247,0.049690,0.050379,0.000781,0.069323,0.001955,0.006850,0.135192,0.000774,0.006531
379,1765350592.265826,0.006909,0.064707,0.047373,0.001344,0.064213,0.001456,0.006294,0.144164,0.000827,0.007512
380,1765350592.401242,0.006468,0.054826,0.025895,0.001497,0.042638,0.001173,0.006670,0.113153,0.001250,0.008544
381,1765350592.519025,0.007590,0.058332,0.024422,0.001991,0.047342,0.000964,0.010544,0.121011,0.001312,0.007664
382,1765350592.629631,0.007148,0.048094,0.021469,0.000962,0.039679,0.000939,0.008357,0.102081,0.000460,0.007927
383,1765350592.739209,0.004836,0.056595,0.013338,0.000981,0.028400,0.000669,0.007251,0.103467,0.000599,0.012583
384,1765350592.841464,0.004878,0.052151,0.009094,0.000877,0.021261,0.000591,0.004452,0.085974,0.000425,0.006366
385,1765350592.925559,0.004894,0.049717,0.012674,0.001265,0.028643,0.000592,0.007697,0.092687,0.000614,0.008524
386,1765350593.026779,0.005605,0.057453,0.016143,0.001251,0.032176,0.000845,0.007843,0.101366,0.000445,0.006576
387,1765350593.123542,0.005165,0.051998,0.016720,0.001340,0.030626,0.001016,0.005344,0.094233,0.000491,0.004840
388,1765350593.208602,0.005051,0.042790,0.013560,0.000892,0.028775,0.001021,0.007554,0.082582,0.000482,0.005153
389,1765350593.291249,0.006154,0.041831,0.016830,0.002120,0.034135,0.000783,0.006730,0.086540,0.001234,0.005050
390,1765350593.393116,0.005794,0.056467,0.015448,0.000934,0.031501,0.000793,0.007693,0.097772,0.000590,0.004569
391,1765350593.494164,0.004478,0.058708,0.014898,0.000821,0.030678,0.000693,0.008962,0.099136,0.000481,0.004742
392,1765350593.594278,0.005921,0.058664,0.020550,0.000922,0.037408,0.001036,0.008703,0.118325,0.000397,0.016673
393,1765350596.045031,0.007463,0.053156,0.010576,0.001241,0.028018,0.000500,0.007181,0.092088,0.000528,0.005300
394,1765350596.148149,0.006212,0.062384,0.008511,0.000953,0.021806,0.000389,0.004680,0.095007,0.000384,0.004807
395,1765350596.230499,0.007256,0.049541,0.006838,0.001258,0.021331,0.000402,0.004267,0.082333,0.000450,0.004619
396,1765350596.311727,0.006172,0.047116,0.006931,0.000872,0.021863,0.000701,0.006465,0.082308,0.000582,0.006951
397,1765350598.128257,0.005864,0.053795,0.007972,0.000832,0.024101,0.000614,0.007199,0.089911,0.000537,0.005343
398,1765350598.214508,0.006704,0.048951,0.006975,0.001297,0.024331,0.000575,0.007194,0.085425,0.001056,0.005558
399,1765350598.317039,0.007425,0.063982,0.009551,0.001539,0.031451,0.000581,0.009589,0.111284,0.001148,0.006780
400,1765350598.411465,0.010012,0.047178,0.008814,0.002697,0.036693,0.000395,0.012581,0.096709,0.001627,0.006523
401,1765350598.512925,0.007295,0.052209,0.013385,0.001074,0.033258,0.000847,0.009519,0.100008,0.000791,0.008240
402,1765350598.616514,0.007789,0.053915,0.012625,0.001222,0.034204,0.000719,0.010126,0.103644,0.001094,0.006681
403,1765350598.731446,0.006448,0.064753,0.009646,0.000946,0.029065,0.000573,0.010323,0.105557,0.000579,0.005954
404,1765350598.839940,0.005703,0.065540,0.009705,0.001406,0.029082,0.000746,0.009840,0.109395,0.001184,0.007191
405,1765350598.952856,0.008601,0.067487,0.012469,0.001097,0.030417,0.000510,0.006431,0.111716,0.000713,0.007133
406,1765350599.047699,0.009006,0.051964,0.007119,0.000758,0.025654,0.000531,0.006077,0.092699,0.001175,0.007522
407,1765350599.142424,0.009028,0.051057,0.008206,0.003010,0.030062,0.000478,0.006743,0.099097,0.001573,0.012035
408,1765350599.251166,0.005669,0.060546,0.009006,0.001700,0.025269,0.000435,0.006313,0.098804,0.001011,0.006568
409,1765350599.352346,0.007425,0.060595,0.007100,0.002038,0.027262,0.000324,0.009206,0.098818,0.000557,0.005434
410,1765350599.445736,0.007137,0.057499,0.006886,0.000927,0.024335,0.000566,0.007373,0.095178,0.000382,0.005950
411,1765350599.541382,0.009449,0.054460,0.006695,0.001209,0.030733,0.000255,0.011527,0.095711,0.000507,0.004908
412,1765350599.631231,0.006960,0.050223,0.009093,0.001541,0.024909,0.000431,0.005518,0.090422,0.000769,0.009714
413,1765350599.727905,0.000000,0.053220,0.000000,0.000000,0.000000,0.000000,0.000000,0.073064,0.000000,0.009770
414,1765350599.814031,0.000000,0.066725,0.000000,0.000000,0.000000,0.002730,0.000000,0.082305,0.000000,0.005252
415,1765350599.877050,0.000000,0.045165,0.000000,0.000000,0.000000,0.002515,0.000000,0.063715,0.000000,0.005822
416,1765350599.941536,0.000000,0.044924,0.000000,0.000000,0.000000,0.001533,0.000000,0.057114,0.000000,0.004620
417,1765350600.011032,0.000000,0.055434,0.000000,0.000000,0.000000,0.002963,0.000000,0.084541,0.000000,0.015638
418,1765350600.100979,0.000000,0.060365,0.000000,0.000000,0.000000,0.002192,0.000000,0.075620,0.000000,0.005132
419,1765350600.167637,0.000000,0.051455,0.000000,0.000000,0.000000,0.001420,0.000000,0.068248,0.000000,0.006778
420,1765350600.247107,0.000000,0.061334,0.000000,0.000000,0.000000,0.002278,0.000000,0.075726,0.000000,0.006345
421,1765350600.312885,0.000000,0.051295,0.000000,0.000000,0.000000,0.001702,0.000000,0.063906,0.000000,0.005411
422,1765350600.379726,0.000000,0.053290,0.000000,0.000000,0.000000,0.001364,0.000000,0.066844,0.000000,0.006843
423,1765350600.447945,0.000000,0.056065,0.000000,0.000000,0.000000,0.002519,0.000000,0.082704,0.000000,0.017926
424,1765350600.528428,0.000000,0.050926,0.000000,0.000000,0.000000,0.001243,0.000000,0.061943,0.000000,0.005156
425,1765350600.596729,0.000000,0.056278,0.000000,0.000000,0.000000,0.001383,0.000000,0.069499,0.000000,0.006792
426,1765350600.661408,0.000000,0.050550,0.000000,0.000000,0.000000,0.001225,0.000000,0.060991,0.000000,0.005058
427,1765350600.730170,0.000000,0.056735,0.000000,0.000000,0.000000,0.001516,0.000000,0.070668,0.000000,0.006720
428,1765350600.791384,0.000000,0.048664,0.000000,0.000000,0.000000,0.001231,0.000000,0.059598,0.000000,0.004886
429,1765350600.865197,0.000000,0.061900,0.000000,0.000000,0.000000,0.002093,0.000000,0.079034,0.000000,0.007846
430,1765350600.942128,0.000000,0.057827,0.000000,0.000000,0.000000,0.001776,0.000000,0.074574,0.000000,0.007279
431,1765350601.013093,0.000000,0.053172,0.000000,0.000000,0.000000,0.001925,0.000000,0.067459,0.000000,0.006212
432,1765350601.079841,0.000000,0.050965,0.000000,0.000000,0.000000,0.002121,0.000000,0.064953,0.000000,0.006315
433,1765350601.142830,0.000000,0.047799,0.000000,0.000000,0.000000,0.001837,0.000000,0.063547,0.000000,0.005673
434,1765350601.206433,0.000000,0.048505,0.000000,0.000000,0.000000,0.001379,0.000000,0.059985,0.000000,0.004695
435,1765350601.275966,0.000000,0.055855,0.000000,0.000000,0.000000,0.001272,0.000000,0.067192,0.000000,0.004769
436,1765350601.343490,0.000000,0.055450,0.000000,0.000000,0.000000,0.001535,0.000000,0.067076,0.000000,0.004901
437,1765350601.411334,0.000000,0.055008,0.000000,0.000000,0.000000,0.001238,0.000000,0.067726,0.000000,0.005404
438,1765350601.476264,0.000000,0.052932,0.000000,0.000000,0.000000,0.001503,0.000000,0.064525,0.000000,0.005088
439,1765350601.542595,0.000000,0.054117,0.000000,0.000000,0.000000,0.001239,0.000000,0.065761,0.000000,0.005643
440,1765350601.608834,0.000000,0.051396,0.000000,0.000000,0.000000,0.001698,0.000000,0.064135,0.000000,0.005046
441,1765350601.673558,0.000000,0.051392,0.000000,0.000000,0.000000,0.001517,0.000000,0.071501,0.000000,0.013208
442,1765350601.741179,0.000000,0.047369,0.000000,0.000000,0.000000,0.001317,0.000000,0.058241,0.000000,0.004811
443,1765350601.807782,0.000000,0.052262,0.000000,0.000000,0.000000,0.001316,0.000000,0.063715,0.000000,0.004542
444,1765350601.874920,0.000000,0.055841,0.000000,0.000000,0.000000,0.001316,0.000000,0.067824,0.000000,0.005070
445,1765350601.941315,0.000000,0.054198,0.000000,0.000000,0.000000,0.001271,0.000000,0.065386,0.000000,0.005211
446,1765350602.007801,0.000000,0.054362,0.000000,0.000000,0.000000,0.001540,0.000000,0.065263,0.000000,0.004566
447,1765350602.077701,0.000000,0.056661,0.000000,0.000000,0.000000,0.001243,0.000000,0.067486,0.000000,0.004855
448,1765350602.144681,0.000000,0.054563,0.000000,0.000000,0.000000,0.001581,0.000000,0.068369,0.000000,0.006323
449,1765350602.209085,0.000000,0.050328,0.000000,0.000000,0.000000,0.001788,0.000000,0.061904,0.000000,0.004804
450,1765350602.275477,0.000000,0.053772,0.000000,0.000000,0.000000,0.001309,0.000000,0.065141,0.000000,0.004903
451,1765350602.343215,0.000000,0.055427,0.000000,0.000000,0.000000,0.001238,0.000000,0.065914,0.000000,0.004744
452,1765350602.405969,0.000000,0.051091,0.000000,0.000000,0.000000,0.001415,0.000000,0.061852,0.000000,0.004318
453,1765350602.474363,0.000000,0.056116,0.000000,0.000000,0.000000,0.001429,0.000000,0.068307,0.000000,0.004363
454,1765350602.544179,0.000000,0.057434,0.000000,0.000000,0.000000,0.001431,0.000000,0.071025,0.000000,0.006627
455,1765350602.608229,0.000000,0.048869,0.000000,0.000000,0.000000,0.001240,0.000000,0.060700,0.000000,0.004641
456,1765350602.676152,0.000000,0.055459,0.000000,0.000000,0.000000,0.001481,0.000000,0.065893,0.000000,0.004458
457,1765350602.741126,0.000000,0.052852,0.000000,0.000000,0.000000,0.001478,0.000000,0.077561,0.000000,0.018137
458,1765350602.809291,0.000000,0.042908,0.000000,0.000000,0.000000,0.001297,0.000000,0.054136,0.000000,0.004783
459,1765350602.875865,0.000000,0.053664,0.000000,0.000000,0.000000,0.001332,0.000000,0.066470,0.000000,0.004756
460,1765350602.941556,0.000000,0.053507,0.000000,0.000000,0.000000,0.001235,0.000000,0.064556,0.000000,0.004953
461,1765350603.011346,0.000000,0.057905,0.000000,0.000000,0.000000,0.001925,0.000000,0.070607,0.000000,0.005682
462,1765350603.077137,0.000000,0.051485,0.000000,0.000000,0.000000,0.001282,0.000000,0.063439,0.000000,0.005713
463,1765350603.144629,0.000000,0.053403,0.000000,0.000000,0.000000,0.001351,0.000000,0.066007,0.000000,0.005344
464,1765350603.208286,0.000000,0.052990,0.000000,0.000000,0.000000,0.001930,0.000000,0.067863,0.000000,0.006915
465,1765350603.278133,0.000000,0.051786,0.000000,0.000000,0.000000,0.001368,0.000000,0.064875,0.000000,0.006256
466,1765350603.343937,0.000000,0.051430,0.000000,0.000000,0.000000,0.001272,0.000000,0.062989,0.000000,0.005456
467,1765350603.411371,0.000000,0.055460,0.000000,0.000000,0.000000,0.001402,0.000000,0.067897,0.000000,0.005735
468,1765350603.471189,0.000000,0.052964,0.000000,0.000000,0.000000,0.001274,0.000000,0.064097,0.000000,0.005255
469,1765350603.543588,0.000000,0.053993,0.000000,0.000000,0.000000,0.001446,0.000000,0.065736,0.000000,0.005032
470,1765350603.611879,0.000000,0.054690,0.000000,0.000000,0.000000,0.001767,0.000000,0.068028,0.000000,0.005962
471,1765350603.677140,0.000000,0.051265,0.000000,0.000000,0.000000,0.001299,0.000000,0.063674,0.000000,0.005345
472,1765350603.748195,0.000000,0.056410,0.000000,0.000000,0.000000,0.002480,0.000000,0.069452,0.000000,0.004781
473,1765350603.811563,0.000000,0.050518,0.000000,0.000000,0.000000,0.001623,0.000000,0.063520,0.000000,0.006268
474,1765350603.875205,0.000000,0.050067,0.000000,0.000000,0.000000,0.001683,0.000000,0.061240,0.000000,0.004588
475,1765350603.944465,0.000000,0.057018,0.000000,0.000000,0.000000,0.001307,0.000000,0.069154,0.000000,0.005554
476,1765350604.011440,0.000000,0.053373,0.000000,0.000000,0.000000,0.001356,0.000000,0.065607,0.000000,0.005607
477,1765350604.075564,0.000000,0.052988,0.000000,0.000000,0.000000,0.001323,0.000000,0.065118,0.000000,0.005641
478,1765350604.143585,0.000000,0.053343,0.000000,0.000000,0.000000,0.001285,0.000000,0.065342,0.000000,0.005201
479,1765350604.211648,0.000000,0.054261,0.000000,0.000000,0.000000,0.001773,0.000000,0.068144,0.000000,0.005276
480,1765350604.276325,0.000000,0.050615,0.000000,0.000000,0.000000,0.002884,0.000000,0.065351,0.000000,0.006422
481,1765350604.346063,0.000000,0.053188,0.000000,0.000000,0.000000,0.001729,0.000000,0.067115,0.000000,0.006260
482,1765350604.406548,0.000000,0.050231,0.000000,0.000000,0.000000,0.001301,0.000000,0.061531,0.000000,0.005272
483,1765350604.477897,0.000000,0.055895,0.000000,0.000000,0.000000,0.001373,0.000000,0.068950,0.000000,0.006148
484,1765350604.542789,0.000000,0.050802,0.000000,0.000000,0.000000,0.001821,0.000000,0.068347,0.000000,0.010476
485,1765350604.611500,0.000000,0.050890,0.000000,0.000000,0.000000,0.001874,0.000000,0.064672,0.000000,0.007135
486,1765350604.677374,0.000000,0.048584,0.000000,0.000000,0.000000,0.001694,0.000000,0.062279,0.000000,0.006409
487,1765350604.741681,0.000000,0.049484,0.000000,0.000000,0.000000,0.001335,0.000000,0.061587,0.000000,0.005199
488,1765350604.811215,0.000000,0.057309,0.000000,0.000000,0.000000,0.001750,0.000000,0.069980,0.000000,0.005965
489,1765350604.880745,0.000000,0.054602,0.000000,0.000000,0.000000,0.002014,0.000000,0.069468,0.000000,0.007105
490,1765350604.951593,0.000000,0.054307,0.000000,0.000000,0.000000,0.002405,0.000000,0.071299,0.000000,0.005761
491,1765350605.028394,0.000000,0.060640,0.000000,0.000000,0.000000,0.001732,0.000000,0.072946,0.000000,0.005747
492,1765350605.096253,0.000000,0.053719,0.000000,0.000000,0.000000,0.001467,0.000000,0.068203,0.000000,0.007187
493,1765350605.158286,0.000000,0.048727,0.000000,0.000000,0.000000,0.001259,0.000000,0.060442,0.000000,0.005043
494,1765350605.223331,0.000000,0.054063,0.000000,0.000000,0.000000,0.001779,0.000000,0.073303,0.000000,0.011810
495,1765350605.291177,0.000000,0.049054,0.000000,0.000000,0.000000,0.001613,0.000000,0.073628,0.000000,0.017243
496,1765350605.378540,0.000000,0.057452,0.000000,0.000000,0.000000,0.001391,0.000000,0.071011,0.000000,0.006601
497,1765350605.441344,0.000000,0.048983,0.000000,0.000000,0.000000,0.001300,0.000000,0.060255,0.000000,0.004943
498,1765350605.510079,0.000000,0.055968,0.000000,0.000000,0.000000,0.001254,0.000000,0.066532,0.000000,0.004711
499,1765350605.578607,0.000000,0.057417,0.000000,0.000000,0.000000,0.001564,0.000000,0.069189,0.000000,0.005641
500,1765350605.644078,0.000000,0.051823,0.000000,0.000000,0.000000,0.001279,0.000000,0.065368,0.000000,0.005467
501,1765350605.708457,0.000000,0.050520,0.000000,0.000000,0.000000,0.001407,0.000000,0.061040,0.000000,0.004440
502,1765350605.776313,0.000000,0.057036,0.000000,0.000000,0.000000,0.001375,0.000000,0.068707,0.000000,0.005056
503,1765350605.841608,0.000000,0.051951,0.000000,0.000000,0.000000,0.001313,0.000000,0.064741,0.000000,0.004968
504,1765350605.909512,0.000000,0.054225,0.000000,0.000000,0.000000,0.001542,0.000000,0.066759,0.000000,0.004911
505,1765350605.973086,0.000000,0.050728,0.000000,0.000000,0.000000,0.001250,0.000000,0.061862,0.000000,0.004650
506,1765350606.041573,0.000000,0.056777,0.000000,0.000000,0.000000,0.001252,0.000000,0.067727,0.000000,0.004494
507,1765350606.109139,0.000000,0.057338,0.000000,0.000000,0.000000,0.001272,0.000000,0.068093,0.000000,0.004708
508,1765350606.175031,0.000000,0.055653,0.000000,0.000000,0.000000,0.001422,0.000000,0.068267,0.000000,0.005433
509,1765350606.241323,0.000000,0.052442,0.000000,0.000000,0.000000,0.001281,0.000000,0.063388,0.000000,0.004808
510,1765350606.311235,0.000000,0.056117,0.000000,0.000000,0.000000,0.001992,0.000000,0.069296,0.000000,0.006204
511,1765350606.373855,0.000000,0.052008,0.000000,0.000000,0.000000,0.001739,0.000000,0.064289,0.000000,0.004968
512,1765350606.453182,0.000000,0.061947,0.000000,0.000000,0.000000,0.001401,0.000000,0.085462,0.000000,0.014465
513,1765350606.524722,0.000000,0.047657,0.000000,0.000000,0.000000,0.001250,0.000000,0.075712,0.000000,0.021876
514,1765350606.619184,0.000000,0.063915,0.000000,0.000000,0.000000,0.002066,0.000000,0.079832,0.000000,0.005732
515,1765350606.703887,0.000000,0.068454,0.000000,0.000000,0.000000,0.001969,0.000000,0.085436,0.000000,0.005962
516,1765350606.788003,0.000000,0.066827,0.000000,0.000000,0.000000,0.001748,0.000000,0.079999,0.000000,0.004522
517,1765350606.864753,0.000000,0.062444,0.000000,0.000000,0.000000,0.002559,0.000000,0.078191,0.000000,0.007310
518,1765350606.932451,0.000000,0.052137,0.000000,0.000000,0.000000,0.002996,0.000000,0.069210,0.000000,0.008191
519,1765350607.018813,0.000000,0.065789,0.000000,0.000000,0.000000,0.002163,0.000000,0.087493,0.000000,0.008415
520,1765350607.097766,0.000000,0.059337,0.000000,0.000000,0.000000,0.001880,0.000000,0.087396,0.000000,0.020558
521,1765350607.181381,0.000000,0.051973,0.000000,0.000000,0.000000,0.002408,0.000000,0.074541,0.000000,0.014387
522,1765350607.255193,0.000000,0.052561,0.000000,0.000000,0.000000,0.001540,0.000000,0.063872,0.000000,0.004575
523,1765350607.327315,0.000000,0.055937,0.000000,0.000000,0.000000,0.002476,0.000000,0.070587,0.000000,0.006464
524,1765350607.392385,0.000000,0.051471,0.000000,0.000000,0.000000,0.001294,0.000000,0.062261,0.000000,0.004771
525,1765350607.458237,0.000000,0.053185,0.000000,0.000000,0.000000,0.001267,0.000000,0.068482,0.000000,0.008989
526,1765350607.525664,0.000000,0.049789,0.000000,0.000000,0.000000,0.001716,0.000000,0.063950,0.000000,0.005680
527,1765350607.591679,0.000000,0.051774,0.000000,0.000000,0.000000,0.001310,0.000000,0.063007,0.000000,0.004935
528,1765350607.659662,0.000000,0.055817,0.000000,0.000000,0.000000,0.001574,0.000000,0.067441,0.000000,0.005270
529,1765350607.727643,0.000000,0.055146,0.000000,0.000000,0.000000,0.001279,0.000000,0.065915,0.000000,0.004741
530,1765350607.793845,0.000000,0.054413,0.000000,0.000000,0.000000,0.001283,0.000000,0.065523,0.000000,0.005054
531,1765350607.861127,0.000000,0.056047,0.000000,0.000000,0.000000,0.001293,0.000000,0.068498,0.000000,0.006107
532,1765350607.927113,0.000000,0.051692,0.000000,0.000000,0.000000,0.001282,0.000000,0.062298,0.000000,0.004720
533,1765350607.991497,0.000000,0.052749,0.000000,0.000000,0.000000,0.001282,0.000000,0.064797,0.000000,0.004344
534,1765350608.059015,0.000000,0.055078,0.000000,0.000000,0.000000,0.001309,0.000000,0.065805,0.000000,0.004480
535,1765350608.124281,0.000000,0.053488,0.000000,0.000000,0.000000,0.001328,0.000000,0.082299,0.000000,0.021721
536,1765350608.214869,0.000000,0.060162,0.000000,0.000000,0.000000,0.001938,0.000000,0.077262,0.000000,0.005190
537,1765350608.282361,0.000000,0.050023,0.000000,0.000000,0.000000,0.002548,0.000000,0.074068,0.000000,0.014437
538,1765350608.358184,0.000000,0.052418,0.000000,0.000000,0.000000,0.003408,0.000000,0.074815,0.000000,0.009201
539,1765350608.431635,0.000000,0.049762,0.000000,0.000000,0.000000,0.002699,0.000000,0.074519,0.000000,0.014711
540,1765350608.513450,0.000000,0.055236,0.000000,0.000000,0.000000,0.001392,0.000000,0.075742,0.000000,0.014212
541,1765350608.593241,0.000000,0.059384,0.000000,0.000000,0.000000,0.001393,0.000000,0.071496,0.000000,0.005230
542,1765350609.313505,0.000000,0.064418,0.000000,0.000000,0.000000,0.002206,0.000000,0.079743,0.000000,0.006361
543,1765350609.401377,0.000000,0.068032,0.000000,0.000000,0.000000,0.004387,0.000000,0.091204,0.000000,0.009182
544,1765350609.491357,0.000000,0.065486,0.000000,0.000000,0.000000,0.002080,0.000000,0.078841,0.000000,0.004989
545,1765350609.574504,0.000000,0.066672,0.000000,0.000000,0.000000,0.002175,0.000000,0.083604,0.000000,0.006426
546,1765350609.657883,0.000000,0.068196,0.000000,0.000000,0.000000,0.001676,0.000000,0.082357,0.000000,0.006023
547,1765350609.733372,0.000000,0.059910,0.000000,0.000000,0.000000,0.002428,0.000000,0.077850,0.000000,0.008619
548,1765350609.821164,0.000000,0.068997,0.000000,0.000000,0.000000,0.002324,0.000000,0.084825,0.000000,0.005272
549,1765350609.901137,0.000000,0.064336,0.000000,0.000000,0.000000,0.002425,0.000000,0.081300,0.000000,0.006259
550,1765350609.994840,0.000000,0.075837,0.000000,0.000000,0.000000,0.001390,0.000000,0.089407,0.000000,0.007036
551,1765350610.064656,0.000000,0.055498,0.000000,0.000000,0.000000,0.002470,0.000000,0.071623,0.000000,0.007029
552,1765350610.155325,0.000000,0.072177,0.000000,0.000000,0.000000,0.001643,0.000000,0.084434,0.000000,0.004721
553,1765350610.237352,0.000000,0.069293,0.000000,0.000000,0.000000,0.001631,0.000000,0.084078,0.000000,0.005789
554,1765350610.319249,0.000000,0.067533,0.000000,0.000000,0.000000,0.001578,0.000000,0.082796,0.000000,0.006963
555,1765350610.396771,0.000000,0.059529,0.000000,0.000000,0.000000,0.002121,0.000000,0.074212,0.000000,0.006604
556,1765350610.463301,0.000000,0.051275,0.000000,0.000000,0.000000,0.003187,0.000000,0.067959,0.000000,0.007311
557,1765350610.533944,0.000000,0.053866,0.000000,0.000000,0.000000,0.002843,0.000000,0.072137,0.000000,0.006244
558,1765350610.611218,0.000000,0.062884,0.000000,0.000000,0.000000,0.002572,0.000000,0.081096,0.000000,0.004760
559,1765350610.703460,0.000000,0.068650,0.000000,0.000000,0.000000,0.001773,0.000000,0.083539,0.000000,0.005555
560,1765350610.782714,0.000000,0.066309,0.000000,0.000000,0.000000,0.001976,0.000000,0.081402,0.000000,0.005717
561,1765350610.862880,0.000000,0.062172,0.000000,0.000000,0.000000,0.002342,0.000000,0.079718,0.000000,0.008646
562,1765350610.930432,0.000000,0.049028,0.000000,0.000000,0.000000,0.001877,0.000000,0.063782,0.000000,0.007842
563,1765350610.999489,0.000000,0.052332,0.000000,0.000000,0.000000,0.002485,0.000000,0.068696,0.000000,0.007822
564,1765350611.063542,0.000000,0.047134,0.000000,0.000000,0.000000,0.001979,0.000000,0.061830,0.000000,0.006348
565,1765350611.134002,0.000000,0.055553,0.000000,0.000000,0.000000,0.002851,0.000000,0.077074,0.000000,0.009683
566,1765350611.223599,0.000000,0.066124,0.000000,0.000000,0.000000,0.002739,0.000000,0.090050,0.000000,0.013720
567,1765350611.316048,0.000000,0.070806,0.000000,0.000000,0.000000,0.001534,0.000000,0.083300,0.000000,0.004945
568,1765350611.385577,0.000000,0.053016,0.000000,0.000000,0.000000,0.002147,0.000000,0.068547,0.000000,0.006344
569,1765350611.441218,0.000000,0.048714,0.000000,0.000000,0.000000,0.002271,0.000000,0.064161,0.000000,0.006139
570,1765350611.515523,0.000000,0.052777,0.000000,0.000000,0.000000,0.002812,0.000000,0.068456,0.000000,0.005960
571,1765350611.601384,0.000000,0.066268,0.000000,0.000000,0.000000,0.002108,0.000000,0.083060,0.000000,0.004746
572,1765350611.681262,0.000000,0.065043,0.000000,0.000000,0.000000,0.002582,0.000000,0.079977,0.000000,0.005241
573,1765350611.748363,0.000000,0.051505,0.000000,0.000000,0.000000,0.002177,0.000000,0.066605,0.000000,0.005347
574,1765350611.815039,0.000000,0.048826,0.000000,0.000000,0.000000,0.001886,0.000000,0.063372,0.000000,0.005637
575,1765350611.881228,0.000000,0.051080,0.000000,0.000000,0.000000,0.002680,0.000000,0.068249,0.000000,0.006561
576,1765350611.947815,0.000000,0.049130,0.000000,0.000000,0.000000,0.002348,0.000000,0.062731,0.000000,0.006009
577,1765350612.016205,0.000000,0.054214,0.000000,0.000000,0.000000,0.001803,0.000000,0.067220,0.000000,0.005221
578,1765350612.077983,0.000000,0.050003,0.000000,0.000000,0.000000,0.003570,0.000000,0.066954,0.000000,0.006190
579,1765350612.151565,0.000000,0.053088,0.000000,0.000000,0.000000,0.001926,0.000000,0.069113,0.000000,0.004979
580,1765350612.215312,0.000000,0.048728,0.000000,0.000000,0.000000,0.001941,0.000000,0.062428,0.000000,0.006063
581,1765350612.283332,0.000000,0.053759,0.000000,0.000000,0.000000,0.002242,0.000000,0.067644,0.000000,0.005024
582,1765350612.349756,0.000000,0.052178,0.000000,0.000000,0.000000,0.002212,0.000000,0.068186,0.000000,0.005804
583,1765350612.414340,0.000000,0.048484,0.000000,0.000000,0.000000,0.002274,0.000000,0.063610,0.000000,0.006744
584,1765350612.483301,0.000000,0.052403,0.000000,0.000000,0.000000,0.002640,0.000000,0.066590,0.000000,0.006011
585,1765350612.553625,0.000000,0.054805,0.000000,0.000000,0.000000,0.002827,0.000000,0.070245,0.000000,0.005713
586,1765350612.628290,0.000000,0.060041,0.000000,0.000000,0.000000,0.001890,0.000000,0.075750,0.000000,0.007289
587,1765350612.697244,0.000000,0.053194,0.000000,0.000000,0.000000,0.002021,0.000000,0.067658,0.000000,0.005882
588,1765350612.762481,0.000000,0.048372,0.000000,0.000000,0.000000,0.001389,0.000000,0.063252,0.000000,0.008637
589,1765350612.831420,0.000000,0.053215,0.000000,0.000000,0.000000,0.003046,0.000000,0.070171,0.000000,0.007763
590,1765350612.891476,0.000000,0.051132,0.000000,0.000000,0.000000,0.004184,0.000000,0.067644,0.000000,0.005441
591,1765350612.979181,0.000000,0.063422,0.000000,0.000000,0.000000,0.001939,0.000000,0.077334,0.000000,0.006867
592,1765350613.048711,0.000000,0.053375,0.000000,0.000000,0.000000,0.002487,0.000000,0.068179,0.000000,0.006128
593,1765350613.115431,0.000000,0.051368,0.000000,0.000000,0.000000,0.001974,0.000000,0.063951,0.000000,0.005507
594,1765350613.179996,0.000000,0.052197,0.000000,0.000000,0.000000,0.002493,0.000000,0.066368,0.000000,0.006034
595,1765350613.247585,0.000000,0.051731,0.000000,0.000000,0.000000,0.001614,0.000000,0.070170,0.000000,0.012296
596,1765350613.314742,0.000000,0.048518,0.000000,0.000000,0.000000,0.001828,0.000000,0.061930,0.000000,0.006461
597,1765350613.381542,0.000000,0.053045,0.000000,0.000000,0.000000,0.002499,0.000000,0.066820,0.000000,0.005942
598,1765350613.445438,0.000000,0.050720,0.000000,0.000000,0.000000,0.003464,0.000000,0.068660,0.000000,0.007157
599,1765350613.515796,0.000000,0.050546,0.000000,0.000000,0.000000,0.002541,0.000000,0.065089,0.000000,0.005693
600,1765350613.582869,0.000000,0.051350,0.000000,0.000000,0.000000,0.003666,0.000000,0.065477,0.000000,0.004666
601,1765350613.644490,0.000000,0.049448,0.000000,0.000000,0.000000,0.001345,0.000000,0.061198,0.000000,0.005713
602,1765350613.717959,0.000000,0.058378,0.000000,0.000000,0.000000,0.003428,0.000000,0.073997,0.000000,0.005261
603,1765350613.781429,0.000000,0.048882,0.000000,0.000000,0.000000,0.003315,0.000000,0.063239,0.000000,0.006137
604,1765350613.848133,0.000000,0.050544,0.000000,0.000000,0.000000,0.003088,0.000000,0.066159,0.000000,0.006259
605,1765350613.916243,0.000000,0.051827,0.000000,0.000000,0.000000,0.002617,0.000000,0.067103,0.000000,0.005347
606,1765350613.981131,0.000000,0.051754,0.000000,0.000000,0.000000,0.002433,0.000000,0.066629,0.000000,0.006608
607,1765350614.042530,0.000000,0.048700,0.000000,0.000000,0.000000,0.001706,0.000000,0.061907,0.000000,0.005985
608,1765350614.111347,0.000000,0.053790,0.000000,0.000000,0.000000,0.002037,0.000000,0.068822,0.000000,0.005596
609,1765350614.179930,0.000000,0.049023,0.000000,0.000000,0.000000,0.001786,0.000000,0.062687,0.000000,0.006713
610,1765350614.247378,0.000000,0.052287,0.000000,0.000000,0.000000,0.001968,0.000000,0.066597,0.000000,0.006419
611,1765350614.312190,0.000000,0.051454,0.000000,0.000000,0.000000,0.002095,0.000000,0.065985,0.000000,0.006994
612,1765350614.381504,0.000000,0.052933,0.000000,0.000000,0.000000,0.002262,0.000000,0.067782,0.000000,0.005930
613,1765350614.443231,0.000000,0.051028,0.000000,0.000000,0.000000,0.001957,0.000000,0.068721,0.000000,0.009020
614,1765350614.519413,0.000000,0.052655,0.000000,0.000000,0.000000,0.001708,0.000000,0.067572,0.000000,0.005686
615,1765350614.597686,0.000000,0.062935,0.000000,0.000000,0.000000,0.002629,0.000000,0.079328,0.000000,0.008250
616,1765350614.661483,0.000000,0.050148,0.000000,0.000000,0.000000,0.002883,0.000000,0.066984,0.000000,0.007128
617,1765350614.733887,0.000000,0.051375,0.000000,0.000000,0.000000,0.002995,0.000000,0.069479,0.000000,0.005696
618,1765350614.818694,0.000000,0.065598,0.000000,0.000000,0.000000,0.002535,0.000000,0.081462,0.000000,0.006017
619,1765350614.902520,0.000000,0.067560,0.000000,0.000000,0.000000,0.002189,0.000000,0.084083,0.000000,0.005958
620,1765350614.986044,0.000000,0.066895,0.000000,0.000000,0.000000,0.002900,0.000000,0.082653,0.000000,0.006434
621,1765350615.068258,0.000000,0.065006,0.000000,0.000000,0.000000,0.002412,0.000000,0.082122,0.000000,0.005626
622,1765350615.145136,0.000000,0.064848,0.000000,0.000000,0.000000,0.002631,0.000000,0.078813,0.000000,0.005301
623,1765350615.217104,0.000000,0.052495,0.000000,0.000000,0.000000,0.001978,0.000000,0.067304,0.000000,0.005796
624,1765350615.281857,0.000000,0.049881,0.000000,0.000000,0.000000,0.002434,0.000000,0.079820,0.000000,0.022361
625,1765350615.361697,0.000000,0.048653,0.000000,0.000000,0.000000,0.002027,0.000000,0.063159,0.000000,0.006625
626,1765350615.429513,0.000000,0.051647,0.000000,0.000000,0.000000,0.002253,0.000000,0.066622,0.000000,0.006546
627,1765350615.496445,0.000000,0.052655,0.000000,0.000000,0.000000,0.002312,0.000000,0.066687,0.000000,0.005537
628,1765350615.561216,0.000000,0.050578,0.000000,0.000000,0.000000,0.001730,0.000000,0.064171,0.000000,0.006427
629,1765350615.626743,0.000000,0.053504,0.000000,0.000000,0.000000,0.002812,0.000000,0.067444,0.000000,0.005749
630,1765350615.691421,0.000000,0.051879,0.000000,0.000000,0.000000,0.001425,0.000000,0.065807,0.000000,0.006951
631,1765350615.761435,0.000000,0.051817,0.000000,0.000000,0.000000,0.002004,0.000000,0.066948,0.000000,0.006815
632,1765350615.830185,0.000000,0.051314,0.000000,0.000000,0.000000,0.002911,0.000000,0.066662,0.000000,0.006400
633,1765350615.914461,0.000000,0.068346,0.000000,0.000000,0.000000,0.002238,0.000000,0.083581,0.000000,0.006813
634,1765350615.981200,0.000000,0.053148,0.000000,0.000000,0.000000,0.002377,0.000000,0.067967,0.000000,0.005907
635,1765350616.051165,0.000000,0.052149,0.000000,0.000000,0.000000,0.002084,0.000000,0.065610,0.000000,0.004930
636,1765350616.117352,0.000000,0.054171,0.000000,0.000000,0.000000,0.002608,0.000000,0.069867,0.000000,0.005978
637,1765350616.196100,0.000000,0.060596,0.000000,0.000000,0.000000,0.002271,0.000000,0.075990,0.000000,0.007470
638,1765350616.264522,0.000000,0.053027,0.000000,0.000000,0.000000,0.002202,0.000000,0.068147,0.000000,0.007117
639,1765350616.329167,0.000000,0.050025,0.000000,0.000000,0.000000,0.001523,0.000000,0.063159,0.000000,0.006791
640,1765350616.397465,0.000000,0.053122,0.000000,0.000000,0.000000,0.002014,0.000000,0.067998,0.000000,0.006048
641,1765350616.465061,0.000000,0.053102,0.000000,0.000000,0.000000,0.002467,0.000000,0.066346,0.000000,0.005901
642,1765350616.534655,0.000000,0.054534,0.000000,0.000000,0.000000,0.003505,0.000000,0.070996,0.000000,0.007112
643,1765350616.617435,0.000000,0.065546,0.000000,0.000000,0.000000,0.002500,0.000000,0.080293,0.000000,0.006107
644,1765350616.683532,0.000000,0.051266,0.000000,0.000000,0.000000,0.002736,0.000000,0.066815,0.000000,0.007263
645,1765350616.749321,0.000000,0.048968,0.000000,0.000000,0.000000,0.002433,0.000000,0.064552,0.000000,0.006741
646,1765350616.822814,0.000000,0.055090,0.000000,0.000000,0.000000,0.003391,0.000000,0.075180,0.000000,0.008069
647,1765350616.913615,0.000000,0.072418,0.000000,0.000000,0.000000,0.002461,0.000000,0.087953,0.000000,0.007706
648,1765350616.986149,0.000000,0.056605,0.000000,0.000000,0.000000,0.002080,0.000000,0.072479,0.000000,0.004963
649,1765350617.069355,0.000000,0.064550,0.000000,0.000000,0.000000,0.002731,0.000000,0.081153,0.000000,0.005940
650,1765350617.147594,0.000000,0.061850,0.000000,0.000000,0.000000,0.002566,0.000000,0.075119,0.000000,0.006198
651,1765350617.221132,0.000000,0.059768,0.000000,0.000000,0.000000,0.002354,0.000000,0.075673,0.000000,0.006473
652,1765350617.307706,0.000000,0.070393,0.000000,0.000000,0.000000,0.001595,0.000000,0.085184,0.000000,0.007884
653,1765350617.387145,0.000000,0.062874,0.000000,0.000000,0.000000,0.002014,0.000000,0.079446,0.000000,0.006460
654,1765350617.469283,0.000000,0.065590,0.000000,0.000000,0.000000,0.001429,0.000000,0.081274,0.000000,0.005357
655,1765350617.548548,0.000000,0.061729,0.000000,0.000000,0.000000,0.002355,0.000000,0.079987,0.000000,0.009753
656,1765350617.631604,0.000000,0.064554,0.000000,0.000000,0.000000,0.004016,0.000000,0.091951,0.000000,0.013312
657,1765350617.734952,0.000000,0.074849,0.000000,0.000000,0.000000,0.002067,0.000000,0.089374,0.000000,0.006429
658,1765350617.798533,0.000000,0.050743,0.000000,0.000000,0.000000,0.002580,0.000000,0.066183,0.000000,0.005681
659,1765350617.882720,0.000000,0.066082,0.000000,0.000000,0.000000,0.002431,0.000000,0.084728,0.000000,0.009105
660,1765350617.981599,0.000000,0.082503,0.000000,0.000000,0.000000,0.001814,0.000000,0.095923,0.000000,0.004738
661,1765350618.050596,0.000000,0.050803,0.000000,0.000000,0.000000,0.002341,0.000000,0.066408,0.000000,0.006091
662,1765350618.126482,0.000000,0.058882,0.000000,0.000000,0.000000,0.001808,0.000000,0.073595,0.000000,0.005764
663,1765350618.197650,0.000000,0.058342,0.000000,0.000000,0.000000,0.001993,0.000000,0.073000,0.000000,0.006296
664,1765350618.261205,0.000000,0.050696,0.000000,0.000000,0.000000,0.001578,0.000000,0.065371,0.000000,0.006758
665,1765350618.333265,0.000000,0.054980,0.000000,0.000000,0.000000,0.001529,0.000000,0.071396,0.000000,0.005848
666,1765350618.415492,0.000000,0.061757,0.000000,0.000000,0.000000,0.001808,0.000000,0.078095,0.000000,0.009488
667,1765350618.499141,0.000000,0.065087,0.000000,0.000000,0.000000,0.001789,0.000000,0.081087,0.000000,0.007491
668,1765350618.561562,0.000000,0.047057,0.000000,0.000000,0.000000,0.002294,0.000000,0.064195,0.000000,0.008658
669,1765350618.632298,0.000000,0.053427,0.000000,0.000000,0.000000,0.002907,0.000000,0.069570,0.000000,0.006337
670,1765350618.695650,0.000000,0.044229,0.000000,0.000000,0.000000,0.002533,0.000000,0.063939,0.000000,0.006484
671,1765350618.761298,0.000000,0.045474,0.000000,0.000000,0.000000,0.003502,0.000000,0.065007,0.000000,0.008147
672,1765350618.831704,0.000000,0.050428,0.000000,0.000000,0.000000,0.002628,0.000000,0.067400,0.000000,0.006897
673,1765350618.897595,0.000000,0.048457,0.000000,0.000000,0.000000,0.002078,0.000000,0.065337,0.000000,0.005784
674,1765350618.961723,0.000000,0.046257,0.000000,0.000000,0.000000,0.004298,0.000000,0.067827,0.000000,0.007499
675,1765350619.033100,0.000000,0.049987,0.000000,0.000000,0.000000,0.002784,0.000000,0.064988,0.000000,0.006533
0,1765350755.235040,0.005858,0.135619,0.007246,0.000859,0.028163,0.000143,0.012354,0.180346,0.000714,0.013231
1,1765350755.330723,0.004898,0.050168,0.006317,0.000838,0.022904,0.000153,0.009337,0.087730,0.000592,0.009734
2,1765350755.424301,0.006039,0.054031,0.010659,0.000807,0.027646,0.000219,0.007532,0.095521,0.001229,0.007441
3,1765350755.526324,0.005215,0.061267,0.009065,0.000868,0.024926,0.000179,0.007672,0.096879,0.000729,0.005246
4,1765350755.620713,0.005695,0.056778,0.010463,0.000779,0.027507,0.000153,0.008693,0.095188,0.000620,0.005019
5,1765350755.727242,0.004982,0.068447,0.010197,0.001519,0.028711,0.000360,0.009054,0.110998,0.001485,0.007163
6,1765350755.821163,0.006225,0.051900,0.010697,0.000836,0.031250,0.000245,0.011435,0.096934,0.000632,0.008009
7,1765350755.922758,0.006964,0.056296,0.010082,0.000807,0.028054,0.000263,0.008126,0.097377,0.000663,0.008068
8,1765350756.032159,0.008361,0.065965,0.010311,0.000908,0.029154,0.000285,0.007792,0.109991,0.000924,0.007316
9,1765350756.155901,0.010098,0.079992,0.011823,0.001303,0.036595,0.000232,0.010242,0.129120,0.000988,0.006682
10,1765350756.268486,0.007293,0.061225,0.010067,0.001497,0.032192,0.000370,0.011025,0.107235,0.000770,0.006684
11,1765350756.386032,0.008062,0.070849,0.010224,0.001054,0.032641,0.000222,0.010613,0.117248,0.001161,0.007218
12,1765350756.494042,0.006321,0.064471,0.010129,0.000957,0.030547,0.000259,0.010016,0.108994,0.001074,0.007191
13,1765350756.612556,0.008053,0.068826,0.009598,0.002517,0.031957,0.000326,0.008524,0.114852,0.001164,0.006356
14,1765350756.714266,0.006041,0.055014,0.010245,0.002597,0.033082,0.000458,0.010858,0.104388,0.000980,0.007791
15,1765350756.831655,0.008515,0.067709,0.011035,0.001192,0.032976,0.000327,0.009115,0.113865,0.001571,0.005740
16,1765350756.945871,0.007865,0.069263,0.011511,0.001245,0.034425,0.000535,0.011321,0.118234,0.000882,0.007777
17,1765350757.067863,0.008305,0.069883,0.016293,0.001157,0.040831,0.000760,0.011807,0.131107,0.000778,0.009981
18,1765350757.205205,0.007025,0.075702,0.010545,0.001039,0.030886,0.000262,0.009473,0.122692,0.000626,0.007992
19,1765350757.331390,0.005343,0.077928,0.010347,0.001101,0.030550,0.000602,0.011038,0.123029,0.000779,0.006281
20,1765350757.443720,0.008072,0.068108,0.008868,0.001040,0.028316,0.000324,0.007964,0.109738,0.001031,0.007582
21,1765350757.545689,0.005059,0.061354,0.007736,0.002098,0.025776,0.000374,0.007961,0.102194,0.000770,0.007944
22,1765350757.648155,0.005541,0.058103,0.004882,0.002515,0.026507,0.000302,0.010483,0.101588,0.001862,0.009453
23,1765350757.749816,0.004999,0.056375,0.006162,0.001876,0.025487,0.000325,0.009399,0.099376,0.001190,0.008592
24,1765350757.857628,0.006590,0.066708,0.005432,0.000956,0.019594,0.000270,0.004535,0.099874,0.000811,0.005917
25,1765350757.960621,0.009488,0.068114,0.005326,0.001105,0.026757,0.000199,0.008921,0.108590,0.000771,0.007787
26,1765350758.061636,0.007757,0.059558,0.005812,0.001062,0.025840,0.000163,0.009295,0.101171,0.000735,0.009276
27,1765350758.159840,0.009892,0.057573,0.005585,0.001221,0.032777,0.000206,0.013513,0.104425,0.000886,0.007173
28,1765350758.260756,0.005250,0.054394,0.005726,0.000894,0.020306,0.000234,0.006432,0.090211,0.000739,0.008001
29,1765350758.356714,0.006350,0.057450,0.009159,0.000801,0.028457,0.000247,0.009937,0.097144,0.000830,0.005729
30,1765350758.462019,0.004686,0.064436,0.004558,0.001304,0.020091,0.000394,0.006662,0.096487,0.001176,0.006001
31,1765350758.559903,0.008677,0.065741,0.005001,0.001295,0.028757,0.000435,0.011444,0.109014,0.000811,0.007486
32,1765350758.664726,0.005220,0.059945,0.006171,0.000977,0.021400,0.000314,0.007376,0.093538,0.000686,0.006229
33,1765350758.757606,0.007565,0.060025,0.007378,0.001215,0.032525,0.000312,0.014087,0.104109,0.001106,0.006034
34,1765350758.860290,0.007189,0.057926,0.007748,0.001102,0.026844,0.000266,0.008415,0.100079,0.001089,0.008787
35,1765350758.955490,0.005645,0.052213,0.007345,0.000791,0.025120,0.000616,0.008340,0.094486,0.000540,0.008242
36,1765350759.061932,0.006535,0.062330,0.007991,0.001891,0.028276,0.000555,0.009635,0.104943,0.001085,0.006052
37,1765350759.157202,0.007023,0.052976,0.006561,0.000963,0.025216,0.000255,0.008364,0.089510,0.000997,0.005412
38,1765350759.260946,0.005978,0.066047,0.006566,0.000959,0.023419,0.000356,0.006989,0.101668,0.001703,0.006366
39,1765350759.357656,0.006476,0.060071,0.006273,0.000903,0.026221,0.000185,0.010654,0.095833,0.000817,0.005030
40,1765350759.461572,0.007015,0.066280,0.004573,0.000979,0.023106,0.000178,0.008483,0.102110,0.000812,0.005885
41,1765350759.560228,0.008179,0.062512,0.003962,0.001051,0.027918,0.000104,0.012726,0.102791,0.000746,0.006411
42,1765350759.659588,0.007337,0.059827,0.005730,0.001158,0.024653,0.000149,0.008441,0.098384,0.000713,0.007415
43,1765350759.755811,0.007326,0.058445,0.005198,0.001093,0.026576,0.000113,0.010225,0.096308,0.001268,0.006488
44,1765350759.861552,0.005538,0.064416,0.006037,0.001122,0.024916,0.000184,0.009917,0.101523,0.001108,0.006300
45,1765350759.956864,0.007008,0.058526,0.006733,0.000796,0.030884,0.000186,0.013976,0.103389,0.000810,0.007561
46,1765350760.064056,0.006261,0.061726,0.007443,0.001397,0.025324,0.000298,0.008487,0.101705,0.000647,0.009079
47,1765350760.158015,0.007079,0.052792,0.007012,0.000960,0.028468,0.000194,0.011156,0.091194,0.001015,0.005058
48,1765350760.261682,0.004795,0.065872,0.006564,0.000867,0.020668,0.000209,0.006583,0.099755,0.000581,0.006362
49,1765350760.355406,0.006119,0.058378,0.003286,0.001242,0.020711,0.000301,0.007572,0.091974,0.000735,0.005883
50,1765350760.445802,0.005287,0.056194,0.005366,0.001974,0.019532,0.000200,0.004708,0.087673,0.000828,0.005480
51,1765350760.541499,0.006305,0.065891,0.006575,0.000961,0.021707,0.000388,0.005113,0.103151,0.000786,0.007458
52,1765350760.647864,0.004720,0.063621,0.008991,0.000881,0.025765,0.000433,0.009156,0.105230,0.000649,0.007501
53,1765350760.745427,0.006440,0.056959,0.012102,0.001124,0.033448,0.000396,0.010201,0.102901,0.001002,0.004978
54,1765350760.838784,0.008990,0.049370,0.009835,0.000795,0.030373,0.000379,0.008549,0.092874,0.000806,0.006732
55,1765350760.939552,0.007002,0.055647,0.012763,0.000808,0.030697,0.000337,0.007766,0.098998,0.000675,0.006775
56,1765350761.037992,0.006392,0.052702,0.011763,0.001000,0.029427,0.000411,0.008404,0.095842,0.000577,0.007208
57,1765350761.138221,0.006432,0.057580,0.009796,0.000791,0.031573,0.000453,0.012335,0.102441,0.000644,0.006758
58,1765350761.240378,0.006666,0.055772,0.007913,0.001148,0.029359,0.000364,0.011081,0.099869,0.001078,0.007766
59,1765350761.344034,0.007013,0.057088,0.005485,0.001721,0.024232,0.000193,0.008043,0.094660,0.000739,0.006386
60,1765350761.439028,0.007351,0.058375,0.005789,0.001092,0.025771,0.000237,0.009500,0.095214,0.000663,0.005516
61,1765350761.545648,0.005349,0.068224,0.008203,0.002153,0.027332,0.000426,0.009574,0.109976,0.000869,0.006947
62,1765350761.641680,0.008836,0.053825,0.007489,0.000894,0.029223,0.000237,0.009924,0.094697,0.000809,0.005701
63,1765350761.738952,0.006633,0.057840,0.009457,0.000857,0.030228,0.000256,0.010967,0.100581,0.000802,0.006051
64,1765350761.838557,0.008861,0.056608,0.007512,0.000789,0.028067,0.000194,0.008812,0.096608,0.000846,0.005799
65,1765350761.938779,0.006959,0.058129,0.008569,0.000825,0.028177,0.000220,0.009685,0.099419,0.000651,0.006865
66,1765350762.038178,0.007511,0.056911,0.009447,0.000774,0.028606,0.000311,0.008831,0.096729,0.000542,0.004869
67,1765350762.141160,0.007254,0.061567,0.004639,0.001178,0.022535,0.000118,0.007500,0.096338,0.000776,0.006026
68,1765350762.239131,0.007245,0.062751,0.005497,0.001084,0.024595,0.000232,0.008625,0.099783,0.000832,0.005782
69,1765350762.348942,0.005323,0.072168,0.005386,0.001025,0.022683,0.000239,0.008684,0.108162,0.000807,0.006546
70,1765350762.439732,0.005651,0.054529,0.004106,0.001033,0.019228,0.000258,0.006694,0.086303,0.000584,0.006608
71,1765350762.525648,0.007169,0.053242,0.004436,0.001015,0.021438,0.000177,0.005810,0.087445,0.000794,0.006281
72,1765350762.625495,0.006682,0.064819,0.006868,0.001011,0.022803,0.000553,0.005739,0.100098,0.000903,0.005303
73,1765350762.725029,0.006732,0.063549,0.005817,0.001102,0.023154,0.000224,0.006616,0.097257,0.000936,0.004874
74,1765350762.803840,0.006043,0.045909,0.005216,0.001033,0.024146,0.000211,0.009549,0.082468,0.000735,0.006328
75,1765350762.889956,0.008365,0.049378,0.006268,0.000858,0.024229,0.000265,0.006132,0.084989,0.000680,0.005512
76,1765350762.990261,0.006746,0.065314,0.008217,0.000828,0.026104,0.000282,0.008047,0.102885,0.000886,0.006139
77,1765350763.090177,0.007332,0.059726,0.009280,0.001029,0.028603,0.000250,0.008599,0.101393,0.000737,0.007532
78,1765350763.188731,0.007093,0.056629,0.010732,0.000825,0.029827,0.000274,0.009265,0.098983,0.000571,0.006647
79,1765350763.290131,0.007353,0.057887,0.005054,0.000957,0.022177,0.000153,0.006039,0.093387,0.000871,0.006179
80,1765350763.390439,0.006321,0.066096,0.009259,0.001208,0.025922,0.000272,0.006363,0.104934,0.001370,0.006383
81,1765350763.490480,0.006454,0.060887,0.010454,0.001001,0.026846,0.000303,0.006682,0.101526,0.000851,0.007781
82,1765350763.595499,0.005516,0.060979,0.007476,0.001600,0.021266,0.000242,0.004320,0.095141,0.001011,0.006839
83,1765350763.691805,0.006815,0.061391,0.008212,0.000987,0.022988,0.000312,0.004544,0.096413,0.000768,0.005490
84,1765350763.790802,0.006665,0.064777,0.005913,0.000777,0.020810,0.000247,0.005421,0.097574,0.000983,0.005186
85,1765350763.869969,0.006716,0.047161,0.007022,0.000879,0.023577,0.000219,0.006461,0.082811,0.000641,0.006065
86,1765350763.958081,0.007218,0.049070,0.006959,0.000767,0.022779,0.000324,0.004947,0.083899,0.000817,0.005224
87,1765350764.057486,0.006218,0.065412,0.006865,0.000916,0.022069,0.000250,0.005117,0.100496,0.000869,0.006446
88,1765350764.157606,0.006842,0.064957,0.005153,0.001346,0.020013,0.000243,0.004037,0.098913,0.000953,0.007067
89,1765350764.255572,0.006932,0.063811,0.009897,0.000886,0.026051,0.000420,0.006272,0.101471,0.000656,0.005630
90,1765350764.356548,0.006418,0.061452,0.007337,0.000972,0.024343,0.000294,0.007267,0.097215,0.000679,0.005406
91,1765350764.455468,0.005271,0.065246,0.005185,0.000770,0.019365,0.000551,0.005864,0.098088,0.000749,0.006185
92,1765350764.545625,0.005442,0.053578,0.004116,0.001916,0.020086,0.000265,0.006233,0.086682,0.001383,0.006559
93,1765350764.643009,0.006927,0.064711,0.005309,0.001812,0.023672,0.000239,0.007495,0.100187,0.001008,0.005438
94,1765350764.741724,0.007608,0.062477,0.004799,0.001229,0.024942,0.000247,0.009245,0.099564,0.000816,0.005880
95,1765350764.843473,0.007880,0.063464,0.006532,0.001331,0.025548,0.000219,0.007458,0.100967,0.000929,0.006028
96,1765350764.941479,0.006139,0.060124,0.003546,0.001359,0.017663,0.000374,0.004284,0.091480,0.000918,0.005750
97,1765350765.023216,0.006655,0.050090,0.004757,0.000821,0.019300,0.000617,0.004886,0.082685,0.000609,0.006381
98,1765350765.119097,0.005664,0.060830,0.004347,0.000853,0.018806,0.000263,0.006390,0.093272,0.000613,0.007783
99,1765350765.206555,0.007373,0.054149,0.003224,0.000913,0.019418,0.000390,0.006089,0.086916,0.000704,0.006917
100,1765350765.289265,0.007457,0.050253,0.005655,0.001025,0.022503,0.000449,0.006339,0.085375,0.000750,0.006015
101,1765350765.371839,0.008933,0.047320,0.006654,0.000963,0.025337,0.000324,0.006216,0.085086,0.000772,0.006284
102,1765350765.475057,0.006786,0.062944,0.006787,0.000937,0.025703,0.000255,0.008181,0.100086,0.001487,0.005577
103,1765350765.575558,0.006504,0.065565,0.008039,0.001410,0.027578,0.000304,0.009254,0.106714,0.001090,0.007129
104,1765350765.674326,0.008353,0.054721,0.005846,0.001245,0.024399,0.000422,0.006883,0.092039,0.000635,0.006702
105,1765350765.775295,0.006653,0.063259,0.009063,0.001730,0.027937,0.000369,0.007762,0.105163,0.001232,0.007453
106,1765350765.879729,0.005737,0.063165,0.005365,0.001069,0.023793,0.000155,0.009030,0.100596,0.000755,0.008159
107,1765350765.971434,0.006723,0.052460,0.006580,0.000938,0.024924,0.000287,0.008122,0.092042,0.000697,0.007139
108,1765350766.080703,0.006741,0.067871,0.008765,0.001232,0.026798,0.000389,0.008204,0.108767,0.000843,0.006516
109,1765350766.176374,0.006414,0.054866,0.004481,0.001191,0.021526,0.000253,0.006887,0.089386,0.000862,0.006361
110,1765350766.283103,0.007097,0.073366,0.003752,0.000992,0.026025,0.000226,0.012066,0.112866,0.000721,0.006796
111,1765350766.398168,0.006929,0.056829,0.007940,0.001242,0.028144,0.000405,0.009578,0.100306,0.001052,0.006589
112,1765350766.497864,0.006108,0.056890,0.006163,0.001035,0.023553,0.000335,0.008184,0.095395,0.000775,0.007488
113,1765350766.595693,0.005121,0.057896,0.007623,0.002366,0.026683,0.000379,0.008838,0.099791,0.001254,0.007116
114,1765350766.693270,0.006728,0.056821,0.006090,0.002005,0.022956,0.000254,0.006280,0.093981,0.000895,0.007337
115,1765350766.795627,0.005273,0.062790,0.005582,0.001539,0.023076,0.000331,0.006914,0.098881,0.001540,0.005941
116,1765350766.894129,0.006843,0.061714,0.004997,0.003110,0.026602,0.000256,0.008958,0.103221,0.001292,0.008531
117,1765350766.996623,0.005803,0.059743,0.006177,0.001584,0.025397,0.000229,0.008506,0.099788,0.001472,0.007762
118,1765350767.095613,0.007223,0.058346,0.004760,0.001647,0.023945,0.000248,0.008299,0.098526,0.000813,0.008722
119,1765350767.199409,0.005245,0.064321,0.004955,0.000926,0.022868,0.000513,0.008584,0.106858,0.000847,0.008519
120,1765350767.310003,0.006156,0.070568,0.006171,0.000879,0.026013,0.000215,0.010791,0.109216,0.000685,0.006591
121,1765350767.408269,0.008842,0.055376,0.006250,0.001295,0.034148,0.000585,0.014550,0.102912,0.001578,0.006158
122,1765350767.514695,0.006893,0.057589,0.009576,0.001087,0.033229,0.001408,0.012176,0.106912,0.000855,0.005889
123,1765350767.618655,0.009766,0.053440,0.004830,0.002491,0.028787,0.000302,0.009085,0.093011,0.001077,0.004905
124,1765350767.708372,0.006904,0.049895,0.003733,0.000883,0.023161,0.000179,0.009157,0.083400,0.000855,0.005008
125,1765350767.789460,0.007678,0.048327,0.004744,0.000943,0.022580,0.000504,0.007014,0.086177,0.000749,0.007351
126,1765350767.882650,0.006186,0.053067,0.008353,0.001105,0.029871,0.000249,0.012028,0.093566,0.000579,0.005048
127,1765350769.275298,0.011242,0.065167,0.005903,0.001115,0.036015,0.000210,0.015021,0.113411,0.000991,0.005984
128,1765350769.395688,0.006824,0.068318,0.012489,0.001395,0.035240,0.000254,0.011530,0.117191,0.000985,0.006098
129,1765350769.506478,0.006142,0.065393,0.010060,0.001260,0.026249,0.000351,0.006047,0.103534,0.001262,0.005862
130,1765350769.606636,0.006601,0.057867,0.006534,0.000980,0.028818,0.000211,0.012185,0.097974,0.000711,0.006151
131,1765350769.711692,0.006904,0.062988,0.007467,0.001184,0.025855,0.000099,0.007879,0.101573,0.000954,0.006271
132,1765350769.806375,0.007332,0.058556,0.007826,0.001996,0.037209,0.000220,0.017566,0.106964,0.000738,0.005077
133,1765350769.910891,0.005302,0.054689,0.005457,0.001747,0.021895,0.000149,0.007161,0.089283,0.000758,0.006849
134,1765350770.016433,0.010193,0.067082,0.006859,0.002327,0.034920,0.000268,0.012469,0.116137,0.001537,0.005881
135,1765350770.126688,0.006939,0.062645,0.006357,0.002039,0.028954,0.000303,0.011319,0.105134,0.000865,0.006757
136,1765350770.227664,0.007393,0.057987,0.009124,0.001989,0.033722,0.000228,0.011748,0.105604,0.001421,0.006295
137,1765350770.340574,0.008581,0.064669,0.010212,0.000874,0.039515,0.000222,0.016539,0.116169,0.000765,0.006421
138,1765350770.457592,0.008150,0.066933,0.005450,0.001610,0.029844,0.000170,0.012493,0.109930,0.001174,0.007882
139,1765350770.555898,0.007333,0.055363,0.007755,0.001921,0.036188,0.000232,0.015119,0.105202,0.001297,0.005886
140,1765350770.657653,0.007285,0.050744,0.007805,0.001500,0.037879,0.000238,0.018367,0.101062,0.001310,0.006001
141,1765350770.778771,0.007471,0.067384,0.011160,0.001053,0.039682,0.000705,0.017398,0.123825,0.000632,0.008240
142,1765350770.895724,0.007631,0.060186,0.006165,0.001426,0.034061,0.000240,0.015268,0.107146,0.001225,0.005282
143,1765350770.995499,0.007717,0.051302,0.010475,0.002163,0.044754,0.000288,0.021127,0.109211,0.001265,0.006560
144,1765350771.113558,0.005723,0.059498,0.009530,0.002401,0.039297,0.000259,0.016915,0.112028,0.001448,0.006284
145,1765350771.228636,0.006124,0.062327,0.012359,0.001476,0.045743,0.000334,0.022815,0.122600,0.001353,0.008011
146,1765350771.339566,0.007689,0.051785,0.009731,0.001248,0.040538,0.000234,0.019202,0.102997,0.000745,0.005648
147,1765350771.440319,0.008034,0.047941,0.008419,0.000954,0.038606,0.000291,0.018252,0.098763,0.000730,0.005918
148,1765350771.535314,0.006446,0.047898,0.009807,0.000867,0.038316,0.000291,0.017833,0.099128,0.001160,0.005724
149,1765350771.641137,0.009091,0.048775,0.009494,0.000920,0.033277,0.000400,0.011762,0.095958,0.000642,0.006934
150,1765350771.738369,0.008520,0.052633,0.009165,0.000822,0.033840,0.000532,0.013256,0.099347,0.000679,0.005992
151,1765350771.841040,0.006581,0.056319,0.009405,0.001293,0.030669,0.000535,0.011487,0.099386,0.000885,0.005947
152,1765350771.945341,0.005161,0.057732,0.005893,0.001969,0.026776,0.000172,0.011688,0.097855,0.000729,0.007128
153,1765350772.040075,0.008886,0.053894,0.007823,0.000992,0.030908,0.000312,0.010995,0.096125,0.000603,0.005359
154,1765350772.137911,0.007545,0.059461,0.006320,0.001049,0.028327,0.000261,0.010936,0.101217,0.001098,0.007687
155,1765350772.239504,0.008184,0.058112,0.012664,0.001010,0.038284,0.000283,0.013985,0.106874,0.000936,0.005758
156,1765350772.340337,0.009107,0.048367,0.007103,0.000939,0.035595,0.000231,0.016498,0.095945,0.000587,0.006126
157,1765350772.437283,0.008545,0.053085,0.007488,0.001086,0.034066,0.000295,0.014024,0.100680,0.001252,0.005927
158,1765350772.538147,0.007579,0.052241,0.007704,0.000933,0.034152,0.000395,0.015675,0.099178,0.000911,0.005938
159,1765350772.637216,0.008171,0.052389,0.006889,0.000960,0.034646,0.000217,0.015592,0.098792,0.001028,0.005232
160,1765350772.739744,0.007513,0.050620,0.008879,0.000846,0.036028,0.000388,0.016674,0.099984,0.000633,0.006588
161,1765350772.837989,0.007938,0.052254,0.008552,0.000818,0.033270,0.000480,0.013441,0.097858,0.000708,0.006522
162,1765350772.940233,0.007274,0.051970,0.011323,0.001128,0.038200,0.000429,0.016064,0.102625,0.000683,0.005506
163,1765350773.040066,0.007711,0.049816,0.011565,0.001173,0.038161,0.000522,0.015385,0.101366,0.000647,0.006864
164,1765350773.155616,0.009135,0.063331,0.008569,0.001205,0.037044,0.000288,0.015019,0.114682,0.001396,0.005995
165,1765350773.256550,0.007119,0.047911,0.008978,0.000872,0.036545,0.000541,0.017217,0.100110,0.000775,0.006710
166,1765350773.356322,0.008299,0.048432,0.008747,0.000920,0.034350,0.000455,0.014283,0.094431,0.000769,0.006624
167,1765350773.455377,0.007172,0.052029,0.012739,0.000783,0.037900,0.000363,0.014404,0.104032,0.000622,0.006149
168,1765350773.559732,0.006238,0.050923,0.004496,0.001682,0.020552,0.000288,0.005944,0.084081,0.000946,0.005719
169,1765350773.655984,0.006711,0.063371,0.008171,0.000892,0.027436,0.000207,0.009550,0.102256,0.000670,0.005761
170,1765350773.758787,0.008753,0.062393,0.008982,0.000838,0.030066,0.000292,0.009441,0.104767,0.000811,0.007089
171,1765350773.856590,0.007138,0.054905,0.007160,0.000927,0.030283,0.000223,0.012857,0.097062,0.000664,0.006213
172,1765350773.955729,0.007819,0.056828,0.007202,0.000881,0.033329,0.000251,0.014991,0.103026,0.001024,0.006592
173,1765350774.055323,0.008909,0.053187,0.009608,0.000802,0.037227,0.000571,0.015347,0.103853,0.000711,0.005535
174,1765350774.155569,0.009110,0.049632,0.008386,0.000978,0.034160,0.000448,0.013782,0.096352,0.000593,0.006002
175,1765350774.256407,0.007599,0.051886,0.008690,0.000845,0.038615,0.000339,0.018828,0.102557,0.000613,0.004750
176,1765350774.355385,0.009344,0.048308,0.010775,0.001047,0.038297,0.000507,0.014459,0.101482,0.000707,0.006476
177,1765350774.475482,0.007657,0.066742,0.010399,0.001139,0.038620,0.000285,0.016740,0.117948,0.000978,0.005921
178,1765350774.590755,0.008795,0.062295,0.006130,0.000914,0.033313,0.000330,0.015401,0.108441,0.000693,0.006573
179,1765350774.690761,0.008561,0.053676,0.008481,0.001039,0.035219,0.000489,0.014672,0.103414,0.000773,0.006881
180,1765350774.785722,0.005910,0.047283,0.009756,0.000890,0.033707,0.000216,0.015057,0.093352,0.000612,0.007012
181,1765350774.889790,0.009081,0.053519,0.007537,0.001265,0.034441,0.000295,0.014336,0.102423,0.000724,0.007228
182,1765350775.004350,0.009911,0.065429,0.007367,0.002643,0.042418,0.000207,0.019596,0.119823,0.000820,0.005382
183,1765350775.109663,0.006966,0.050711,0.007869,0.001061,0.034118,0.000210,0.015187,0.098016,0.001100,0.006108
184,1765350775.210574,0.007162,0.052015,0.009146,0.001119,0.034055,0.000365,0.014158,0.099221,0.000957,0.006102
185,1765350775.305331,0.008531,0.047007,0.010773,0.000814,0.038300,0.000451,0.015659,0.098851,0.000776,0.005796
186,1765350775.406518,0.006927,0.052334,0.009860,0.001142,0.035588,0.000363,0.014286,0.100273,0.000942,0.004922
187,1765350775.509439,0.009427,0.050702,0.008551,0.001523,0.033709,0.000339,0.011538,0.098356,0.001153,0.006198
188,1765350775.605505,0.008403,0.052004,0.007699,0.000855,0.031300,0.000287,0.012032,0.097214,0.000944,0.007655
189,1765350775.711310,0.007333,0.055662,0.008373,0.001849,0.031600,0.000356,0.011836,0.100971,0.000654,0.005531
190,1765350775.809147,0.008696,0.053560,0.008331,0.001033,0.035098,0.000274,0.014587,0.101296,0.000678,0.005869
191,1765350775.914197,0.005712,0.055226,0.004580,0.000957,0.024047,0.000181,0.011230,0.091282,0.000645,0.005927
192,1765350776.006941,0.006717,0.057569,0.007559,0.000801,0.027634,0.000165,0.010662,0.097129,0.000635,0.006468
193,1765350776.106968,0.006891,0.060309,0.008808,0.000961,0.028421,0.000299,0.009784,0.102121,0.000583,0.007334
194,1765350776.206766,0.006216,0.054955,0.004886,0.000894,0.020947,0.000482,0.006893,0.089448,0.000672,0.006529
195,1765350776.288195,0.008582,0.048976,0.007552,0.001098,0.029338,0.000430,0.010567,0.094591,0.000660,0.008836
196,1765350776.386642,0.006980,0.053068,0.005417,0.000866,0.033438,0.000210,0.018660,0.096677,0.000539,0.005561
197,1765350776.491608,0.008333,0.058391,0.007213,0.001102,0.031492,0.000197,0.012830,0.102160,0.000930,0.006917
198,1765350776.588939,0.005812,0.052619,0.004667,0.001082,0.025266,0.000194,0.011738,0.089946,0.000668,0.007303
199,1765350776.692992,0.007451,0.065665,0.005469,0.001191,0.029548,0.000168,0.013183,0.107404,0.000882,0.006329
200,1765350776.787343,0.008484,0.055879,0.003162,0.001145,0.027687,0.000106,0.012601,0.096110,0.000961,0.005777
201,1765350776.890218,0.008891,0.061987,0.004818,0.001928,0.027983,0.000199,0.009986,0.102644,0.000788,0.006470
202,1765350776.990990,0.008274,0.055257,0.004193,0.000771,0.030566,0.000152,0.015593,0.097889,0.000656,0.006839
203,1765350777.092632,0.007809,0.059173,0.006923,0.001186,0.030205,0.000307,0.011249,0.102845,0.001436,0.007743
204,1765350777.189913,0.007859,0.051250,0.007144,0.000844,0.035889,0.000371,0.018027,0.099677,0.000711,0.006853
205,1765350777.288891,0.008956,0.054629,0.007585,0.001361,0.031052,0.000264,0.011200,0.098492,0.001133,0.006400
206,1765350777.390094,0.007210,0.051509,0.006016,0.000877,0.029926,0.000228,0.013934,0.094648,0.000581,0.006810
207,1765350777.489617,0.007372,0.059300,0.005041,0.001611,0.024628,0.000162,0.008201,0.096209,0.001400,0.006614
208,1765350777.591690,0.007537,0.060837,0.002661,0.001411,0.023524,0.000139,0.009997,0.095653,0.001130,0.005681
209,1765350777.689289,0.008759,0.064509,0.005082,0.001120,0.024932,0.000179,0.008342,0.099235,0.000595,0.005059
210,1765350777.786513,0.005349,0.059465,0.006779,0.000890,0.025328,0.000298,0.009975,0.095894,0.000600,0.004766
211,1765350777.878571,0.006458,0.054711,0.002596,0.001948,0.023617,0.000100,0.010422,0.091420,0.001234,0.006917
212,1765350777.979606,0.006034,0.064713,0.003264,0.001090,0.021873,0.000255,0.009968,0.101772,0.000613,0.009332
213,1765350778.073616,0.007835,0.055649,0.007368,0.000967,0.029988,0.000138,0.011272,0.098935,0.000926,0.006506
214,1765350778.174689,0.009184,0.057222,0.004690,0.000829,0.028252,0.000228,0.009377,0.101012,0.000694,0.007235
215,1765350778.280748,0.006686,0.060382,0.005020,0.001035,0.025150,0.000172,0.010779,0.098404,0.000563,0.007341
216,1765350778.375422,0.008439,0.057692,0.004909,0.001019,0.023151,0.000414,0.006041,0.096649,0.000775,0.007479
217,1765350778.481497,0.006108,0.065531,0.007418,0.001004,0.025777,0.000372,0.009215,0.103356,0.000757,0.006331
218,1765350778.576556,0.007048,0.055345,0.004734,0.001162,0.020229,0.000587,0.005272,0.090983,0.000766,0.006446
219,1765350778.678876,0.006213,0.066640,0.005152,0.001788,0.022683,0.000165,0.007770,0.099556,0.000766,0.004762
220,1765350778.775339,0.006616,0.065386,0.005306,0.001523,0.022483,0.000393,0.006540,0.103210,0.000792,0.007139
221,1765350778.873720,0.007296,0.056318,0.003810,0.002036,0.023973,0.000188,0.006977,0.093530,0.001263,0.005496
222,1765350778.976616,0.006629,0.065934,0.004151,0.001316,0.022607,0.000206,0.007253,0.101847,0.000860,0.006717
223,1765350779.069474,0.011649,0.055181,0.005034,0.002683,0.030910,0.000147,0.007803,0.098036,0.001407,0.005622
224,1765350779.178134,0.007551,0.066426,0.004911,0.000946,0.027061,0.000306,0.011031,0.108752,0.000753,0.007181
225,1765350779.281287,0.005955,0.059886,0.006063,0.001083,0.024999,0.000169,0.009720,0.097507,0.000645,0.006366
226,1765350779.378510,0.006591,0.058446,0.005789,0.001647,0.024675,0.000175,0.008257,0.096742,0.000676,0.005810
227,1765350779.480942,0.005614,0.062971,0.004979,0.000901,0.021268,0.000154,0.008051,0.095198,0.000634,0.005090
228,1765350779.570126,0.007461,0.061812,0.004614,0.001096,0.024527,0.000176,0.008629,0.098915,0.000663,0.007469
229,1765350779.672749,0.008103,0.058897,0.008413,0.002316,0.036362,0.000392,0.014772,0.109977,0.001245,0.006989
230,1765350779.779581,0.005997,0.056747,0.006319,0.001273,0.034700,0.000215,0.018247,0.103323,0.001191,0.006440
231,1765350779.896203,0.008667,0.067921,0.008945,0.001293,0.036256,0.000423,0.014136,0.118571,0.000674,0.005922
232,1765350780.015512,0.007182,0.068444,0.004846,0.000955,0.026427,0.000448,0.011132,0.107779,0.001089,0.006331
233,1765350780.106313,0.006619,0.056081,0.005583,0.001664,0.024195,0.000201,0.007686,0.094730,0.000892,0.006677
234,1765350780.213126,0.006492,0.061012,0.005571,0.001437,0.024440,0.000199,0.008532,0.099165,0.001425,0.007613
235,1765350780.315693,0.005633,0.065056,0.004728,0.000961,0.020456,0.000224,0.007125,0.098087,0.000564,0.006347
236,1765350780.411672,0.006972,0.062008,0.006468,0.001948,0.025960,0.000160,0.008350,0.101798,0.001393,0.007722
237,1765350780.511585,0.007782,0.059144,0.010598,0.001494,0.030830,0.000455,0.008767,0.103871,0.000689,0.006809
238,1765350780.614552,0.005788,0.056914,0.005784,0.000916,0.020022,0.000195,0.005865,0.088868,0.000703,0.005541
239,1765350780.712872,0.005040,0.066851,0.006692,0.001043,0.018811,0.000551,0.004080,0.101921,0.000628,0.008418
240,1765350780.811553,0.005856,0.062304,0.005522,0.001497,0.021496,0.000219,0.006734,0.094290,0.000918,0.004920
241,1765350780.890804,0.009075,0.050542,0.006144,0.001552,0.028091,0.000189,0.008604,0.091763,0.000924,0.007110
242,1765350784.346968,0.007949,0.071506,0.005719,0.000970,0.023095,0.000182,0.006343,0.109199,0.000877,0.007214
243,1765350784.440108,0.006466,0.054378,0.004779,0.000792,0.019383,0.000508,0.005686,0.086336,0.000637,0.005838
244,1765350784.524373,0.005668,0.050000,0.002512,0.000840,0.015799,0.000130,0.005421,0.076820,0.000564,0.006277
245,1765350784.607798,0.007970,0.055756,0.004266,0.000825,0.020226,0.000248,0.005236,0.089829,0.000526,0.006877
246,1765350784.690419,0.007001,0.049465,0.004323,0.000837,0.018584,0.000475,0.004327,0.081535,0.000812,0.005703
247,1765350784.772475,0.005290,0.047702,0.004904,0.000784,0.019291,0.000400,0.006361,0.079510,0.000671,0.006368
248,1765350784.858041,0.007291,0.053460,0.003148,0.000813,0.018482,0.000378,0.005224,0.086310,0.000672,0.006436
249,1765350784.942590,0.007613,0.051237,0.003645,0.000881,0.021569,0.000209,0.006506,0.083856,0.001011,0.005402
250,1765350785.018285,0.007771,0.044982,0.002877,0.000975,0.021564,0.000382,0.008225,0.079050,0.000802,0.006587
251,1765350785.108779,0.009287,0.052277,0.006989,0.001003,0.030242,0.000286,0.010385,0.095389,0.001077,0.006672
252,1765350785.207070,0.007934,0.053254,0.005537,0.000832,0.028135,0.000216,0.011837,0.093617,0.000619,0.006588
253,1765350785.308343,0.008915,0.059025,0.004124,0.000809,0.026983,0.000176,0.010784,0.097171,0.000671,0.005001
254,1765350785.408795,0.009087,0.062527,0.005479,0.000930,0.024869,0.000147,0.007331,0.099399,0.000640,0.006589
255,1765350785.504763,0.006132,0.056558,0.001412,0.000906,0.018330,0.000072,0.008203,0.086710,0.000689,0.005881
256,1765350785.588060,0.007578,0.057443,0.003797,0.000993,0.020772,0.000153,0.006193,0.091941,0.000624,0.006866
257,1765350785.674092,0.007339,0.047301,0.002621,0.000808,0.022017,0.000164,0.008967,0.082832,0.000608,0.007078
258,1765350785.772856,0.007750,0.062310,0.005216,0.001250,0.027569,0.000163,0.011224,0.100419,0.000841,0.004781
259,1765350785.872388,0.006254,0.061237,0.001575,0.000730,0.019542,0.000111,0.009381,0.091682,0.000594,0.005366
260,1765350785.959629,0.005853,0.056055,0.004036,0.000938,0.022937,0.000144,0.009235,0.090351,0.000923,0.006293
261,1765350786.055364,0.005624,0.061063,0.004329,0.000782,0.020497,0.000293,0.008225,0.094126,0.000625,0.007317
262,1765350786.142049,0.008271,0.052310,0.002515,0.001121,0.022646,0.000099,0.008630,0.085253,0.000726,0.005079
263,1765350786.215362,0.008688,0.050130,0.006651,0.000840,0.025780,0.000152,0.007415,0.087373,0.000683,0.005879
264,1765350786.325731,0.007981,0.062344,0.001962,0.000781,0.018990,0.000240,0.006264,0.094468,0.000580,0.006309
265,1765350786.407653,0.007616,0.048549,0.002960,0.000737,0.022955,0.000143,0.009264,0.082971,0.000663,0.005821
266,1765350786.487803,0.007665,0.045775,0.002770,0.001160,0.021587,0.000429,0.008379,0.082240,0.000815,0.008127
267,1765350786.575368,0.007704,0.050237,0.003661,0.000835,0.023676,0.000167,0.008996,0.084320,0.000686,0.004916
268,1765350786.658418,0.007508,0.050252,0.003059,0.001187,0.019646,0.000116,0.005872,0.081546,0.000710,0.004967
269,1765350786.740643,0.008576,0.051227,0.002617,0.000806,0.020310,0.000251,0.005927,0.085362,0.000939,0.006951
270,1765350786.840266,0.009547,0.061177,0.001638,0.002210,0.023965,0.000081,0.008226,0.096843,0.000993,0.005803
271,1765350786.929349,0.005865,0.053243,0.002531,0.000835,0.021008,0.000121,0.009214,0.085086,0.001207,0.004831
272,1765350787.027227,0.006431,0.064924,0.003287,0.001040,0.021848,0.000126,0.009109,0.098529,0.000649,0.006156
273,1765350787.112304,0.006819,0.050742,0.000850,0.001967,0.019371,0.000002,0.006880,0.081150,0.001650,0.004942
274,1765350787.195426,0.006884,0.052081,0.001456,0.001696,0.018909,0.000084,0.006291,0.085586,0.000679,0.006729
275,1765350787.290586,0.006601,0.062064,0.004033,0.000996,0.025294,0.000111,0.011459,0.098631,0.000886,0.005971
276,1765350787.396683,0.007434,0.067301,0.002215,0.001222,0.019693,0.000068,0.006971,0.098411,0.000721,0.004704
277,1765350787.475452,0.007275,0.051048,0.002562,0.001449,0.020686,0.000247,0.006183,0.085999,0.001659,0.006643
278,1765350787.572416,0.006885,0.058702,0.001443,0.002263,0.019387,0.000260,0.006930,0.091310,0.001003,0.007155
279,1765350787.661044,0.005590,0.055402,0.002045,0.001482,0.018585,0.000135,0.006175,0.086663,0.001288,0.006513
280,1765350787.737611,0.006258,0.048947,0.006161,0.000973,0.023832,0.000389,0.007756,0.086553,0.000668,0.005976
281,1765350787.840348,0.007232,0.059231,0.001649,0.001395,0.018813,0.000272,0.006923,0.091192,0.000658,0.005783
282,1765350787.929935,0.005061,0.056991,0.002092,0.001210,0.015734,0.000247,0.005424,0.086051,0.000795,0.005575
283,1765350788.010392,0.008276,0.050978,0.002120,0.001096,0.018474,0.000131,0.005098,0.082511,0.000678,0.006366
284,1765350788.107695,0.008668,0.063585,0.002742,0.002296,0.021474,0.000272,0.004248,0.097933,0.002238,0.005050
285,1765350788.192097,0.007737,0.052686,0.002811,0.000946,0.020011,0.000146,0.005080,0.085831,0.001745,0.006723
286,1765350788.290208,0.005514,0.064172,0.002535,0.000822,0.016918,0.000372,0.006255,0.096598,0.000570,0.007134
287,1765350788.379394,0.006603,0.054368,0.005577,0.001888,0.020556,0.000174,0.004686,0.087642,0.000754,0.007110
288,1765350788.476648,0.008062,0.063913,0.003323,0.001103,0.019117,0.000183,0.004643,0.094488,0.000869,0.005469
289,1765350788.575671,0.007617,0.067450,0.006155,0.000935,0.022601,0.000219,0.005550,0.101808,0.000715,0.006180
290,1765350788.671332,0.007036,0.063571,0.003369,0.001033,0.019136,0.000304,0.005918,0.095010,0.000927,0.006927
291,1765350788.755105,0.006363,0.047657,0.006951,0.001056,0.025969,0.000361,0.008782,0.087244,0.000853,0.006580
292,1765350788.859587,0.006688,0.064470,0.007436,0.002180,0.023407,0.000301,0.004891,0.099686,0.000772,0.005396
293,1765350788.955686,0.005640,0.060942,0.008935,0.000884,0.023742,0.000409,0.006152,0.099480,0.000606,0.007055
294,1765350789.063453,0.004876,0.067754,0.007248,0.001401,0.020150,0.000320,0.004371,0.099255,0.001202,0.005744
295,1765350789.153998,0.004995,0.058562,0.011909,0.000774,0.027469,0.000399,0.007154,0.099176,0.000686,0.006606
296,1765350789.262295,0.005892,0.066646,0.004849,0.001201,0.017919,0.000389,0.003915,0.097748,0.000605,0.005776
297,1765350789.339957,0.006922,0.048239,0.005391,0.000776,0.020929,0.000360,0.006202,0.082603,0.000585,0.007845
298,1765350789.425122,0.006523,0.047507,0.004708,0.000888,0.019603,0.000525,0.005538,0.083775,0.000605,0.008997
299,1765350789.525790,0.007285,0.068633,0.008862,0.001517,0.029835,0.000349,0.009904,0.113058,0.000787,0.008114
300,1765350789.624087,0.007606,0.048477,0.005539,0.000839,0.026956,0.000252,0.011346,0.087181,0.000673,0.006475
301,1765350789.727647,0.007026,0.064914,0.003667,0.001430,0.023293,0.000252,0.009390,0.100052,0.000703,0.006269
302,1765350789.825453,0.009957,0.060746,0.003125,0.000861,0.029910,0.000100,0.014367,0.102171,0.000730,0.006532
303,1765350789.929438,0.006857,0.062725,0.005422,0.000994,0.026929,0.000180,0.010953,0.103140,0.000723,0.007405
304,1765350790.024464,0.008213,0.053061,0.007169,0.000778,0.035759,0.000433,0.017606,0.102833,0.000672,0.007254
305,1765350790.130375,0.005736,0.054658,0.005394,0.001613,0.028890,0.000124,0.013953,0.096284,0.000718,0.006342
306,1765350790.223485,0.006262,0.051923,0.006907,0.001098,0.031719,0.000226,0.015287,0.095359,0.000676,0.006309
307,1765350790.330104,0.005833,0.060641,0.008174,0.001090,0.028639,0.000342,0.010906,0.102687,0.001108,0.006595
308,1765350790.420727,0.006564,0.052027,0.006189,0.000856,0.024875,0.000186,0.008516,0.088223,0.000748,0.005293
309,1765350790.527392,0.005465,0.067763,0.008467,0.001307,0.023164,0.000203,0.005663,0.102052,0.000935,0.005806
310,1765350790.627269,0.008292,0.063258,0.008977,0.001070,0.036820,0.000322,0.015703,0.111453,0.000711,0.005039
311,1765350790.728148,0.006491,0.051187,0.009709,0.001213,0.032880,0.000315,0.012907,0.095767,0.001166,0.005518
312,1765350790.825628,0.009028,0.054208,0.014728,0.001044,0.049679,0.000769,0.022498,0.116894,0.000735,0.005306
313,1765350790.945559,0.007792,0.055292,0.008152,0.001656,0.040894,0.000261,0.020732,0.108619,0.001196,0.006606
314,1765350791.063031,0.006770,0.063079,0.015492,0.001745,0.045040,0.000251,0.018461,0.121646,0.000745,0.007582
315,1765350791.180225,0.007402,0.057442,0.008046,0.001339,0.035943,0.000173,0.015948,0.105090,0.001055,0.005849
316,1765350791.291857,0.009192,0.063583,0.012979,0.000956,0.044490,0.000323,0.018735,0.120855,0.000864,0.006832
317,1765350791.405375,0.010076,0.060405,0.012211,0.000835,0.044884,0.000349,0.019771,0.117737,0.000654,0.007065
318,1765350791.529158,0.008367,0.061250,0.013981,0.000906,0.044437,0.000296,0.018653,0.118282,0.000896,0.006963
319,1765350791.637151,0.008594,0.053905,0.009100,0.000906,0.035505,0.000533,0.014889,0.101309,0.000866,0.006087
320,1765350791.740369,0.008212,0.050712,0.014678,0.000827,0.043443,0.000485,0.017193,0.106350,0.000654,0.005986
321,1765350791.855717,0.008413,0.062467,0.008008,0.000788,0.034043,0.000540,0.014555,0.109256,0.000642,0.007128
322,1765350791.955714,0.006541,0.052707,0.007067,0.000799,0.023791,0.000315,0.006574,0.088173,0.000586,0.006411
323,1765350792.057621,0.005958,0.063042,0.003802,0.000841,0.016964,0.000285,0.004629,0.092126,0.000602,0.006620
324,1765350792.140791,0.006927,0.053857,0.004776,0.000961,0.022201,0.000267,0.007456,0.088810,0.000775,0.006620
325,1765350792.221263,0.006043,0.047877,0.003399,0.001614,0.017706,0.000305,0.005152,0.077664,0.000685,0.006926
326,1765350792.308110,0.006302,0.052454,0.004612,0.001082,0.021372,0.000321,0.006759,0.086728,0.000914,0.006054
327,1765350792.390587,0.006179,0.047901,0.004976,0.001165,0.018985,0.000506,0.004936,0.079733,0.000668,0.006228
328,1765350792.473206,0.005896,0.051275,0.003430,0.000809,0.017119,0.000186,0.005591,0.080168,0.000590,0.007161
329,1765350792.560442,0.006510,0.056421,0.002412,0.001360,0.016241,0.000245,0.003945,0.086133,0.000891,0.006039
330,1765350792.638314,0.008863,0.049629,0.006868,0.000887,0.031421,0.000265,0.013042,0.092597,0.000659,0.006347
331,1765350792.740153,0.009013,0.056134,0.009670,0.000859,0.042418,0.000235,0.019454,0.111043,0.000668,0.006215
332,1765350792.858303,0.007308,0.063211,0.005928,0.000743,0.032172,0.000325,0.016689,0.107492,0.000650,0.007464
333,1765350792.957241,0.007946,0.052887,0.008272,0.000805,0.031944,0.000311,0.012944,0.096498,0.000602,0.005586
334,1765350793.061013,0.007598,0.059337,0.010003,0.001037,0.030289,0.000384,0.009729,0.102109,0.000843,0.006253
335,1765350793.155600,0.008259,0.052873,0.010556,0.001046,0.034532,0.000398,0.012271,0.100290,0.000757,0.006701
336,1765350793.255400,0.006671,0.052842,0.009096,0.000782,0.026874,0.000439,0.008127,0.092995,0.000704,0.006846
337,1765350793.358013,0.006571,0.063725,0.012512,0.001650,0.032530,0.000772,0.009178,0.109789,0.000932,0.006334
338,1765350793.455406,0.005858,0.048055,0.011481,0.000783,0.028214,0.000343,0.008580,0.089103,0.000660,0.006697
339,1765350793.555381,0.007201,0.059359,0.006548,0.000771,0.023325,0.000218,0.006743,0.094156,0.000547,0.006245
340,1765350793.643947,0.007253,0.050346,0.009644,0.001104,0.028208,0.000299,0.008436,0.091660,0.000825,0.007323
341,1765350793.735761,0.006101,0.049743,0.008074,0.001015,0.027785,0.000325,0.010352,0.089412,0.000750,0.006306
342,1765350793.825703,0.007423,0.049496,0.008239,0.000889,0.025028,0.000505,0.005963,0.087859,0.000761,0.006920
343,1765350793.925726,0.007644,0.060263,0.008519,0.000815,0.027605,0.000284,0.008270,0.100991,0.000613,0.006497
344,1765350794.030877,0.006312,0.065063,0.007869,0.000995,0.025714,0.000356,0.008470,0.110823,0.000749,0.013572
345,1765350794.139680,0.008041,0.062012,0.014497,0.000947,0.040580,0.000472,0.014428,0.118322,0.000715,0.006833
346,1765350794.269073,0.006405,0.071494,0.006916,0.000963,0.027488,0.000337,0.010472,0.111751,0.000699,0.006475
347,1765350794.358662,0.007109,0.051636,0.008294,0.001168,0.027546,0.000180,0.008847,0.091214,0.000938,0.007166
348,1765350794.455738,0.006681,0.054848,0.006037,0.000980,0.024937,0.000183,0.009156,0.091475,0.000738,0.006390
349,1765350794.543463,0.010709,0.050059,0.010903,0.002329,0.042959,0.000194,0.014768,0.108493,0.002305,0.009155
350,1765350794.655353,0.005903,0.051401,0.012362,0.000856,0.032686,0.000358,0.011387,0.097825,0.000657,0.007823
351,1765350794.757910,0.008086,0.057305,0.012718,0.000936,0.033859,0.000358,0.009867,0.104897,0.000949,0.007576
352,1765350794.857692,0.007187,0.050437,0.008532,0.000783,0.025176,0.000228,0.006731,0.085224,0.000632,0.004876
353,1765350794.940005,0.009120,0.048074,0.009966,0.000822,0.029855,0.000153,0.008116,0.090518,0.000717,0.007019
354,1765350795.039882,0.006054,0.055808,0.009111,0.000968,0.026972,0.000269,0.009115,0.093185,0.000561,0.005641
355,1765350795.144619,0.007956,0.064424,0.012895,0.001374,0.037189,0.000421,0.011705,0.113926,0.000754,0.005322
356,1765350795.255603,0.006959,0.062941,0.008587,0.001370,0.027072,0.000255,0.008002,0.102177,0.000963,0.007013
357,1765350795.355292,0.008791,0.057542,0.006149,0.001045,0.026684,0.000143,0.008047,0.095269,0.000644,0.005764
358,1765350795.440144,0.007943,0.048799,0.006573,0.000808,0.028168,0.000210,0.011056,0.089056,0.000679,0.006759
359,1765350795.540420,0.007063,0.056465,0.008052,0.000940,0.027656,0.000332,0.009869,0.095476,0.000721,0.005765
360,1765350795.635404,0.005600,0.058032,0.008725,0.000899,0.027842,0.000279,0.010817,0.096945,0.000609,0.006046
361,1765350795.730621,0.005206,0.052351,0.007756,0.001757,0.025390,0.000237,0.008808,0.090235,0.000604,0.005943
362,1765350795.828758,0.006691,0.059628,0.018345,0.001089,0.037187,0.000487,0.008642,0.110731,0.000753,0.006682
363,1765350795.941515,0.006933,0.063917,0.012837,0.000848,0.033442,0.000346,0.010494,0.110483,0.000765,0.006462
364,1765350796.045679,0.007452,0.054441,0.014119,0.001715,0.035708,0.000270,0.009787,0.110784,0.000724,0.014339
365,1765350796.156488,0.007200,0.055217,0.010768,0.000835,0.028737,0.000185,0.008174,0.096111,0.000601,0.006851
366,1765350796.258948,0.007393,0.061035,0.011848,0.000847,0.029676,0.000288,0.007630,0.101694,0.000857,0.006217
367,1765350796.355630,0.005607,0.054356,0.014749,0.000792,0.036079,0.000335,0.012573,0.102302,0.000710,0.006220
368,1765350796.458790,0.007572,0.054465,0.010938,0.000826,0.030117,0.000166,0.008929,0.097352,0.000662,0.007553
369,1765350796.557553,0.008176,0.057835,0.015245,0.001146,0.040007,0.000521,0.013031,0.109986,0.000900,0.005826
370,1765350796.680561,0.006272,0.068278,0.012932,0.002212,0.032563,0.000837,0.008709,0.117242,0.000848,0.007860
371,1765350796.795591,0.006184,0.065403,0.009772,0.001997,0.027325,0.000219,0.007407,0.104866,0.000764,0.006261
372,1765350796.889029,0.006406,0.054647,0.014023,0.000855,0.033596,0.000430,0.009350,0.100292,0.000635,0.006370
373,1765350796.996969,0.006350,0.059258,0.019439,0.000961,0.037774,0.000526,0.008470,0.110964,0.000902,0.006561
374,1765350797.107110,0.007179,0.057619,0.011872,0.000750,0.031290,0.000455,0.009794,0.100875,0.000579,0.006363
375,1765350797.210920,0.008463,0.060383,0.013947,0.000890,0.034273,0.001643,0.008481,0.111550,0.000794,0.008325
376,1765350797.329387,0.006269,0.066168,0.012107,0.001029,0.029829,0.000786,0.008615,0.108157,0.000725,0.006138
377,1765350797.422064,0.007230,0.052397,0.021554,0.000804,0.041303,0.000652,0.009169,0.106016,0.000682,0.005480
378,1765350797.539887,0.006799,0.062508,0.014999,0.000706,0.038174,0.001102,0.013757,0.118131,0.000646,0.009318
379,1765350797.665359,0.005441,0.067857,0.020518,0.000855,0.039695,0.000529,0.011139,0.119182,0.000610,0.006295
380,1765350797.773724,0.007055,0.056092,0.012556,0.001238,0.029660,0.000760,0.006882,0.097767,0.000719,0.005556
381,1765350797.881267,0.004787,0.065670,0.016775,0.001599,0.032703,0.000932,0.006708,0.122924,0.000748,0.013265
382,1765350798.005513,0.004527,0.064709,0.008567,0.000832,0.021588,0.000608,0.006242,0.099121,0.000591,0.006221
383,1765350798.092404,0.007212,0.051747,0.004358,0.000819,0.020447,0.000533,0.006060,0.089800,0.000616,0.009108
384,1765350798.195899,0.005604,0.065901,0.003183,0.001016,0.014551,0.000332,0.002788,0.093282,0.001249,0.006521
385,1765350798.270577,0.006019,0.050774,0.011017,0.000789,0.026307,0.000414,0.006588,0.087568,0.000799,0.005011
386,1765350798.372531,0.005617,0.060634,0.006682,0.000764,0.023118,0.000272,0.007979,0.095982,0.000543,0.006195
387,1765350798.455328,0.011270,0.048004,0.009949,0.002110,0.032144,0.000333,0.006640,0.092338,0.001153,0.006925
388,1765350798.565568,0.006424,0.063980,0.007566,0.000954,0.023262,0.000236,0.006275,0.100149,0.000609,0.007132
389,1765350798.664518,0.006042,0.061325,0.011091,0.001697,0.026081,0.000296,0.005345,0.100247,0.000726,0.006937
390,1765350798.758044,0.006895,0.057735,0.008652,0.001025,0.025925,0.000598,0.006725,0.099298,0.000904,0.007797
391,1765350798.856540,0.010599,0.054026,0.009434,0.001941,0.029736,0.000349,0.005717,0.094658,0.001108,0.005414
392,1765350798.962673,0.005654,0.063564,0.010984,0.001279,0.027081,0.000584,0.005453,0.104199,0.001366,0.006487
393,1765350799.057655,0.006980,0.055714,0.014102,0.002013,0.032679,0.000991,0.006439,0.101815,0.001602,0.006478
394,1765350799.155749,0.008396,0.052936,0.009664,0.000759,0.027659,0.000542,0.006478,0.093644,0.000624,0.006180
395,1765350799.261334,0.006120,0.059543,0.014800,0.002142,0.031670,0.000920,0.005853,0.105433,0.001301,0.006684
396,1765350799.363703,0.005771,0.056414,0.012375,0.001740,0.029091,0.000860,0.007375,0.097660,0.000683,0.005451
397,1765350799.455482,0.008051,0.053514,0.015497,0.001753,0.036392,0.000849,0.007529,0.103617,0.001860,0.007156
398,1765350799.563726,0.006448,0.054109,0.017304,0.001994,0.033692,0.000547,0.006245,0.098965,0.000779,0.005328
399,1765350799.658126,0.011679,0.049441,0.011824,0.001569,0.034940,0.000711,0.007597,0.097603,0.001152,0.006809
400,1765350799.762429,0.006462,0.054670,0.011163,0.001554,0.029106,0.000538,0.008251,0.097019,0.000702,0.007087
401,1765350799.863336,0.006067,0.058057,0.008767,0.002197,0.028096,0.000622,0.008541,0.098829,0.001544,0.005988
402,1765350799.960598,0.006900,0.057489,0.019290,0.001649,0.038522,0.001323,0.008441,0.109974,0.000742,0.006258
403,1765350800.081016,0.006288,0.065078,0.012151,0.001118,0.030301,0.001122,0.008536,0.111234,0.001110,0.007941
404,1765350800.175335,0.008035,0.048656,0.011552,0.000787,0.035821,0.001151,0.013402,0.098092,0.000614,0.006954
405,1765350800.281384,0.005970,0.054663,0.023024,0.001180,0.041620,0.001026,0.009297,0.111565,0.000652,0.007415
406,1765350800.391752,0.009291,0.055835,0.022611,0.002289,0.046902,0.001105,0.009405,0.115701,0.001931,0.006083
407,1765350800.510878,0.007075,0.056025,0.025927,0.000906,0.041146,0.001093,0.004935,0.110707,0.000868,0.006657
408,1765350800.622681,0.005993,0.056332,0.029064,0.000969,0.046110,0.001508,0.008168,0.115535,0.000606,0.005930
409,1765350800.741253,0.006464,0.062522,0.013985,0.001109,0.027933,0.000748,0.004431,0.103364,0.000797,0.006550
410,1765350800.838711,0.007992,0.054546,0.016520,0.000938,0.031615,0.000874,0.004239,0.100526,0.000713,0.007594
411,1765350800.944041,0.006243,0.056524,0.010344,0.001349,0.025132,0.000494,0.005317,0.093021,0.000898,0.005678
412,1765350801.035585,0.008279,0.058925,0.013232,0.000827,0.031723,0.000776,0.007775,0.101886,0.000645,0.005977
413,1765350801.145665,0.007607,0.061591,0.021589,0.001014,0.042730,0.000906,0.009411,0.117504,0.000805,0.006111
414,1765350801.264247,0.006120,0.061060,0.017405,0.001785,0.034558,0.001326,0.005852,0.110126,0.001139,0.006493
415,1765350801.377049,0.007626,0.064279,0.018249,0.000863,0.040493,0.000758,0.011340,0.117506,0.000854,0.006115
416,1765350801.487569,0.007261,0.060189,0.008368,0.000760,0.025186,0.000763,0.006527,0.100077,0.000684,0.007182
417,1765350801.595658,0.006403,0.063669,0.013789,0.002269,0.034193,0.000684,0.008618,0.111906,0.001010,0.006095
418,1765350801.705927,0.006142,0.060660,0.006987,0.001029,0.024595,0.000481,0.008582,0.097099,0.000661,0.004998
419,1765350801.789650,0.005989,0.047781,0.006363,0.000752,0.025005,0.000423,0.009528,0.083288,0.000587,0.005391
420,1765350801.872674,0.006974,0.045289,0.008137,0.000886,0.025944,0.000586,0.007036,0.084693,0.000747,0.005604
421,1765350801.975351,0.006834,0.063373,0.006925,0.000738,0.024294,0.000464,0.008012,0.099631,0.000646,0.006182
422,1765350802.080652,0.005383,0.069262,0.007841,0.001999,0.023340,0.000487,0.006518,0.104907,0.000703,0.006780
423,1765350802.167688,0.006975,0.054127,0.007842,0.000927,0.026612,0.000531,0.008341,0.094085,0.000666,0.006648
424,1765350802.275419,0.007014,0.063022,0.010022,0.000774,0.027248,0.000568,0.007498,0.101127,0.000616,0.004630
425,1765350802.374128,0.006212,0.059902,0.012859,0.001178,0.028301,0.000562,0.005860,0.100680,0.000702,0.006589
426,1765350802.471590,0.005869,0.056145,0.012113,0.000921,0.028324,0.000885,0.007318,0.096988,0.000640,0.006432
427,1765350802.570487,0.005402,0.057359,0.007734,0.000943,0.023479,0.000735,0.007193,0.095785,0.000666,0.006820
428,1765350802.660586,0.007946,0.050973,0.009660,0.001986,0.028639,0.000481,0.007115,0.092595,0.000700,0.007137
429,1765350802.757654,0.006776,0.054552,0.006054,0.000772,0.023579,0.000252,0.007742,0.089305,0.000679,0.005617
430,1765350802.843386,0.007946,0.050073,0.005090,0.000763,0.021748,0.000313,0.005754,0.084625,0.000656,0.006721
431,1765350802.941506,0.006208,0.062222,0.005777,0.000813,0.021623,0.000329,0.006803,0.098044,0.000652,0.007016
432,1765350803.025498,0.007169,0.048099,0.007697,0.000837,0.023588,0.000381,0.006279,0.084077,0.000563,0.007054
433,1765350803.117573,0.005262,0.059337,0.011972,0.001155,0.027722,0.000605,0.006542,0.104196,0.000729,0.011158
434,1765350803.220807,0.005902,0.053837,0.008683,0.000898,0.027130,0.000488,0.008997,0.093412,0.000736,0.006462
435,1765350803.325772,0.008002,0.067012,0.004397,0.001062,0.022713,0.000217,0.007004,0.101509,0.001432,0.006291
436,1765350803.425733,0.006181,0.062046,0.006392,0.000818,0.023417,0.000569,0.007814,0.096991,0.000511,0.005097
437,1765350803.507168,0.006258,0.046686,0.009541,0.001015,0.026660,0.000547,0.007535,0.086428,0.000791,0.006514
438,1765350803.610102,0.008651,0.061493,0.007939,0.000759,0.024591,0.000381,0.005664,0.097376,0.000698,0.005668
439,1765350803.706161,0.008806,0.061840,0.010774,0.000952,0.028179,0.000669,0.005570,0.104193,0.000628,0.007518
440,1765350803.806610,0.007063,0.058557,0.006961,0.000796,0.022388,0.000400,0.005773,0.092728,0.000653,0.005625
441,1765350803.889021,0.005523,0.045748,0.006694,0.000737,0.021743,0.000838,0.006865,0.080016,0.000592,0.005338
442,1765350803.975641,0.006318,0.051212,0.006932,0.000760,0.021591,0.000386,0.005469,0.084831,0.000663,0.005824
443,1765350804.059566,0.008963,0.048698,0.007151,0.001105,0.023939,0.000502,0.005188,0.084893,0.000687,0.005995
444,1765350804.157783,0.006978,0.062320,0.010858,0.000771,0.028165,0.000591,0.007693,0.103149,0.000661,0.006156
445,1765350804.257002,0.006926,0.058475,0.014059,0.000883,0.031435,0.000600,0.007529,0.102614,0.000565,0.006721
446,1765350804.357670,0.007138,0.056480,0.010693,0.000821,0.027115,0.000574,0.006949,0.096219,0.000535,0.007543
447,1765350804.457328,0.007207,0.057275,0.008266,0.000857,0.023885,0.000417,0.005601,0.093181,0.000842,0.006039
448,1765350804.538693,0.008042,0.048099,0.018616,0.000959,0.036661,0.001100,0.006870,0.098723,0.000808,0.006519
449,1765350804.643077,0.007243,0.048730,0.012174,0.000832,0.030013,0.000584,0.007742,0.092301,0.000639,0.006797
450,1765350804.738973,0.006130,0.053327,0.009172,0.001099,0.025379,0.000490,0.006668,0.090566,0.000853,0.005415
451,1765350804.819302,0.006492,0.043364,0.009270,0.000981,0.027750,0.000286,0.009215,0.083710,0.000724,0.006394
452,1765350804.908385,0.007405,0.048279,0.008316,0.000818,0.024578,0.000388,0.006428,0.083909,0.000620,0.006197
453,1765350805.008666,0.008057,0.063259,0.008639,0.000880,0.025886,0.000351,0.006385,0.100429,0.000736,0.005696
454,1765350805.108588,0.007515,0.061986,0.008473,0.000801,0.024195,0.000454,0.005658,0.096838,0.000702,0.005802
455,1765350805.188187,0.006932,0.045473,0.009922,0.000954,0.026746,0.000512,0.007086,0.083877,0.000788,0.006556
456,1765350805.289285,0.008579,0.064045,0.014559,0.000779,0.033317,0.001332,0.007346,0.110249,0.000707,0.005770
457,1765350805.385434,0.006280,0.046780,0.011510,0.000952,0.028420,0.000601,0.007828,0.088880,0.000692,0.006877
458,1765350805.489893,0.006035,0.059315,0.009505,0.000856,0.025103,0.000651,0.006508,0.096065,0.000636,0.004843
459,1765350805.575787,0.006014,0.048199,0.013716,0.000775,0.029299,0.000826,0.006768,0.089698,0.000592,0.005231
460,1765350805.674659,0.005807,0.057011,0.008352,0.000791,0.022871,0.000602,0.005978,0.092846,0.000672,0.005863
461,1765350805.757183,0.006897,0.046490,0.005820,0.000729,0.023048,0.000429,0.007232,0.081109,0.000628,0.005553
462,1765350805.843508,0.006721,0.049828,0.006592,0.001029,0.022646,0.000386,0.005570,0.084326,0.001194,0.005669
463,1765350805.924410,0.006463,0.046897,0.005053,0.000763,0.020571,0.000541,0.006442,0.079792,0.000634,0.005027
464,1765350806.011487,0.006427,0.053287,0.006390,0.000986,0.019921,0.000344,0.004044,0.086011,0.000670,0.005411
465,1765350806.095551,0.007090,0.052729,0.006454,0.001267,0.022102,0.000319,0.005054,0.087815,0.000658,0.006228
466,1765350806.195565,0.008520,0.061799,0.006621,0.001409,0.023844,0.000351,0.005175,0.099414,0.001245,0.007465
467,1765350806.293101,0.008647,0.059680,0.006659,0.000831,0.023112,0.000355,0.004204,0.096166,0.000814,0.006683
468,1765350806.395476,0.007655,0.065313,0.006398,0.002604,0.022445,0.000267,0.003478,0.100698,0.001311,0.006295
469,1765350806.493954,0.007224,0.061913,0.003981,0.001180,0.019053,0.000190,0.004304,0.095582,0.000815,0.006517
470,1765350806.596323,0.007676,0.067530,0.000820,0.001223,0.014887,0.000292,0.002605,0.096412,0.001881,0.006724
471,1765350806.675430,0.006774,0.051133,0.001926,0.000797,0.015297,0.000109,0.004221,0.079689,0.000638,0.007259
472,1765350806.762753,0.008618,0.056248,0.001750,0.001025,0.025096,0.000108,0.010919,0.095789,0.001590,0.007967
473,1765350806.863629,0.005539,0.060262,0.002939,0.001528,0.017141,0.000353,0.003966,0.092113,0.001333,0.007926
474,1765350806.947605,0.005153,0.053928,0.003499,0.001964,0.018247,0.000156,0.004014,0.084144,0.001417,0.005623
475,1765350807.043592,0.007156,0.064123,0.004339,0.000794,0.024840,0.000139,0.009803,0.101574,0.000909,0.007153
476,1765350807.147503,0.006378,0.065199,0.005584,0.000947,0.022482,0.000173,0.007031,0.100692,0.001237,0.006633
477,1765350807.245556,0.008444,0.061673,0.003490,0.001203,0.027446,0.000194,0.011932,0.103001,0.000853,0.007169
478,1765350807.349005,0.005680,0.060893,0.004661,0.000976,0.019267,0.000210,0.006206,0.090885,0.000721,0.004982
479,1765350807.440955,0.007537,0.061995,0.001933,0.000946,0.019860,0.000269,0.007325,0.098153,0.000668,0.006652
480,1765350807.525717,0.008643,0.051713,0.002634,0.001471,0.021107,0.000153,0.006396,0.084659,0.001106,0.006154
481,1765350807.629654,0.007616,0.067239,0.006751,0.002277,0.030167,0.000326,0.009285,0.112756,0.001459,0.008116
482,1765350807.730780,0.005898,0.056068,0.005162,0.001338,0.024149,0.000229,0.009214,0.095292,0.001326,0.008358
483,1765350807.825299,0.006688,0.053230,0.004391,0.000772,0.024056,0.000508,0.010172,0.093233,0.000609,0.007871
484,1765350807.935660,0.005379,0.068228,0.007036,0.000949,0.024985,0.000536,0.008892,0.107702,0.000667,0.006212
485,1765350808.030810,0.005828,0.057232,0.004526,0.001784,0.020963,0.000393,0.006776,0.093556,0.000849,0.007932
486,1765350808.130812,0.006659,0.060984,0.010182,0.001737,0.029536,0.000928,0.009028,0.106070,0.000609,0.007695
487,1765350808.229914,0.006616,0.053306,0.009085,0.001536,0.028225,0.000956,0.007956,0.097152,0.001206,0.007783
488,1765350808.327599,0.005750,0.056693,0.007638,0.002193,0.026484,0.000383,0.008489,0.096303,0.001439,0.007730
489,1765350808.429228,0.005977,0.061672,0.012481,0.002160,0.035723,0.000465,0.010195,0.110464,0.001488,0.005921
490,1765350808.551470,0.006877,0.068968,0.005606,0.001029,0.023787,0.000216,0.008556,0.104673,0.000761,0.006263
491,1765350808.642082,0.008068,0.055654,0.009620,0.000867,0.034328,0.000445,0.013793,0.110400,0.000974,0.014232
492,1765350808.757926,0.007603,0.061056,0.004849,0.000959,0.023453,0.000756,0.007652,0.098902,0.000587,0.006574
493,1765350808.857167,0.011155,0.058835,0.011031,0.001836,0.035122,0.000589,0.008614,0.106987,0.001046,0.006743
494,1765350808.955607,0.008346,0.052101,0.006334,0.000975,0.023130,0.000726,0.005587,0.089313,0.000734,0.006963
495,1765350809.059337,0.004610,0.067932,0.005211,0.001573,0.018385,0.000279,0.004671,0.098277,0.000785,0.006017
496,1765350809.163181,0.007227,0.067415,0.001778,0.001531,0.016633,0.000290,0.004427,0.098846,0.000680,0.007850
497,1765350809.238034,0.006841,0.048546,0.003824,0.001123,0.020781,0.000276,0.006354,0.083984,0.000624,0.006720
498,1765350809.346764,0.006957,0.066801,0.001241,0.001264,0.014784,0.000281,0.003980,0.095298,0.000662,0.006701
499,1765350809.429696,0.008153,0.054973,0.000813,0.001516,0.014602,0.000100,0.002592,0.082401,0.000755,0.006617
500,1765350809.511821,0.006928,0.052806,0.001347,0.001076,0.016745,0.000187,0.005437,0.086157,0.000881,0.005523
501,1765350809.597551,0.006375,0.053233,0.003449,0.002271,0.017873,0.000177,0.002698,0.083516,0.001359,0.006349
502,1765350809.695370,0.006627,0.069019,0.005970,0.001654,0.024538,0.000160,0.007442,0.106578,0.001458,0.007149
503,1765350809.797463,0.008483,0.060404,0.004434,0.001031,0.022635,0.000192,0.006548,0.094669,0.000854,0.005839
504,1765350809.889901,0.007349,0.060160,0.005139,0.001138,0.022974,0.000203,0.007078,0.096383,0.000821,0.007441
505,1765350809.997521,0.007677,0.067546,0.004443,0.001020,0.018529,0.000198,0.003628,0.096983,0.000659,0.004885
506,1765350810.079118,0.006891,0.052825,0.003381,0.001678,0.021742,0.000112,0.007518,0.084533,0.000752,0.004748
507,1765350810.163196,0.007398,0.051321,0.001348,0.001735,0.014330,0.000088,0.001734,0.079533,0.000871,0.007796
508,1765350810.243726,0.005472,0.051788,0.008242,0.000761,0.021520,0.000313,0.004393,0.085746,0.000934,0.006394
509,1765350810.344086,0.006842,0.066119,0.003452,0.001379,0.018291,0.000212,0.004120,0.098573,0.000904,0.004794
510,1765350810.426569,0.007506,0.050323,0.003557,0.000908,0.018802,0.000356,0.004965,0.083220,0.000811,0.008236
511,1765350810.531379,0.006184,0.070628,0.007487,0.000862,0.025818,0.000294,0.009638,0.109733,0.000661,0.007299
512,1765350810.625750,0.008530,0.055259,0.006862,0.001013,0.028596,0.000539,0.009719,0.098117,0.000870,0.007459
513,1765350810.725773,0.008987,0.059277,0.005724,0.001392,0.028045,0.000244,0.009788,0.100831,0.000950,0.008400
514,1765350810.825441,0.008727,0.055349,0.006967,0.001088,0.027998,0.000503,0.008965,0.098328,0.000705,0.007426
515,1765350810.929821,0.008779,0.058607,0.009356,0.000974,0.030657,0.001270,0.009021,0.103010,0.001104,0.005456
516,1765350811.025824,0.006790,0.053921,0.017142,0.001115,0.036932,0.000937,0.008189,0.105236,0.001223,0.007193
517,1765350811.144888,0.007493,0.064178,0.009000,0.000881,0.029087,0.000364,0.009307,0.104883,0.001183,0.006919
518,1765350811.236866,0.007102,0.053836,0.021575,0.000800,0.043765,0.000631,0.012491,0.109911,0.000700,0.006383
519,1765350811.355572,0.006903,0.059037,0.015280,0.001418,0.035081,0.000745,0.009574,0.107004,0.000771,0.007361
520,1765350811.463894,0.008705,0.058098,0.014579,0.001362,0.036860,0.000739,0.009944,0.109575,0.000679,0.006769
521,1765350811.576505,0.007368,0.062857,0.019148,0.001103,0.043850,0.000883,0.013874,0.120666,0.000719,0.006979
522,1765350811.692987,0.007458,0.056309,0.017701,0.000967,0.036874,0.001016,0.008513,0.107061,0.000765,0.007715
523,1765350811.795338,0.007290,0.050337,0.011995,0.001377,0.034128,0.000966,0.010753,0.100074,0.000865,0.007415
524,1765350811.905453,0.006264,0.061691,0.020604,0.000758,0.041308,0.000724,0.011988,0.115116,0.000607,0.006612
525,1765350812.002498,0.006745,0.042808,0.012377,0.000901,0.030306,0.000618,0.008333,0.083211,0.000633,0.004750
526,1765350812.091383,0.007771,0.046055,0.018949,0.001091,0.039351,0.001321,0.008763,0.099869,0.000785,0.006014
527,1765350812.189602,0.007571,0.044005,0.023489,0.000986,0.047068,0.001032,0.012393,0.104824,0.000917,0.006787
528,1765350812.303899,0.006525,0.052661,0.025621,0.000783,0.047985,0.001916,0.012916,0.115093,0.000622,0.006743
529,1765350812.420180,0.006096,0.054219,0.016531,0.000779,0.035270,0.000694,0.010028,0.102529,0.000610,0.006804
530,1765350812.522684,0.008520,0.055031,0.024963,0.000893,0.046251,0.001531,0.009423,0.113662,0.000932,0.005559
531,1765350812.638749,0.007112,0.057387,0.024021,0.000696,0.046271,0.000931,0.012125,0.118715,0.000575,0.007868
532,1765350812.768280,0.005962,0.061873,0.020889,0.001192,0.040302,0.001390,0.010050,0.117162,0.000678,0.006466
533,1765350812.869947,0.006473,0.051465,0.021898,0.001066,0.044938,0.000824,0.012899,0.109080,0.000876,0.006537
534,1765350812.985346,0.007535,0.054260,0.024838,0.000962,0.049536,0.001302,0.013788,0.118149,0.000726,0.006369
535,1765350813.111589,0.008726,0.061330,0.027989,0.001844,0.054632,0.000931,0.013721,0.136806,0.000772,0.013970
536,1765350813.242469,0.008357,0.053938,0.027550,0.000909,0.049417,0.001688,0.010487,0.118980,0.000590,0.007362
537,1765350813.355671,0.009383,0.048938,0.018782,0.000925,0.040097,0.001126,0.009021,0.103514,0.000586,0.006654
538,1765350813.477821,0.008402,0.065693,0.041174,0.001092,0.064890,0.002052,0.011814,0.144856,0.000872,0.007015
539,1765350813.610172,0.008147,0.052769,0.034485,0.000910,0.059581,0.001733,0.013307,0.124564,0.000968,0.005276
540,1765350813.740175,0.009613,0.058144,0.040505,0.001144,0.067478,0.001211,0.013934,0.148124,0.000824,0.015478
541,1765350813.886445,0.007429,0.058574,0.032247,0.000794,0.057146,0.001171,0.013713,0.127925,0.000578,0.005106
542,1765350814.012676,0.006759,0.051692,0.027718,0.001286,0.049733,0.001258,0.011196,0.115275,0.001530,0.006869
543,1765350814.125766,0.008887,0.048961,0.036014,0.000875,0.062721,0.000773,0.014707,0.123770,0.000797,0.005429
544,1765350814.258115,0.006978,0.056582,0.025171,0.000723,0.046179,0.001133,0.011204,0.117249,0.000544,0.007461
545,1765350814.375295,0.007718,0.056341,0.033353,0.000991,0.052485,0.000718,0.008035,0.121918,0.000837,0.006614
546,1765350814.487700,0.006384,0.044343,0.039295,0.001025,0.061799,0.001072,0.012709,0.119336,0.000639,0.004799
547,1765350814.610021,0.008179,0.049889,0.038520,0.001151,0.062982,0.000927,0.012677,0.125465,0.000955,0.006620
548,1765350814.737868,0.007588,0.050844,0.031434,0.000881,0.053838,0.001411,0.011527,0.117982,0.000711,0.005806
549,1765350814.858999,0.007901,0.051524,0.035220,0.000753,0.057365,0.001053,0.010242,0.122135,0.000675,0.006260
550,1765350814.985431,0.007027,0.055893,0.028927,0.000831,0.050213,0.000870,0.011725,0.118736,0.000725,0.005700
551,1765350815.111548,0.000000,0.062847,0.000000,0.000000,0.000000,0.000000,0.000000,0.080209,0.000000,0.006798
552,1765350815.193655,0.000000,0.064285,0.000000,0.000000,0.000000,0.030252,0.000000,0.106489,0.000000,0.005769
553,1765350815.289384,0.000000,0.051595,0.000000,0.000000,0.000000,0.001623,0.000000,0.067706,0.000000,0.007820
554,1765350815.353243,0.000000,0.046585,0.000000,0.000000,0.000000,0.001591,0.000000,0.060230,0.000000,0.004841
555,1765350815.424063,0.000000,0.057515,0.000000,0.000000,0.000000,0.001883,0.000000,0.071067,0.000000,0.006956
556,1765350815.491375,0.000000,0.052448,0.000000,0.000000,0.000000,0.001826,0.000000,0.066434,0.000000,0.005806
557,1765350815.557515,0.000000,0.051949,0.000000,0.000000,0.000000,0.001196,0.000000,0.064147,0.000000,0.006108
558,1765350815.623712,0.000000,0.052597,0.000000,0.000000,0.000000,0.001321,0.000000,0.065500,0.000000,0.006932
559,1765350815.687640,0.000000,0.053504,0.000000,0.000000,0.000000,0.001425,0.000000,0.066271,0.000000,0.006196
560,1765350815.753770,0.000000,0.050374,0.000000,0.000000,0.000000,0.001413,0.000000,0.063071,0.000000,0.006201
561,1765350815.822197,0.000000,0.053970,0.000000,0.000000,0.000000,0.001427,0.000000,0.065796,0.000000,0.005865
562,1765350815.889849,0.000000,0.054348,0.000000,0.000000,0.000000,0.001810,0.000000,0.069375,0.000000,0.006766
563,1765350815.957737,0.000000,0.052245,0.000000,0.000000,0.000000,0.004896,0.000000,0.069164,0.000000,0.006329
564,1765350816.024399,0.000000,0.049028,0.000000,0.000000,0.000000,0.001241,0.000000,0.062533,0.000000,0.007209
565,1765350816.090874,0.000000,0.052713,0.000000,0.000000,0.000000,0.002041,0.000000,0.066966,0.000000,0.006794
566,1765350816.155774,0.000000,0.050955,0.000000,0.000000,0.000000,0.004626,0.000000,0.067046,0.000000,0.006990
567,1765350816.220045,0.000000,0.047725,0.000000,0.000000,0.000000,0.001091,0.000000,0.059586,0.000000,0.005982
568,1765350816.292366,0.000000,0.058517,0.000000,0.000000,0.000000,0.001805,0.000000,0.075371,0.000000,0.007948
569,1765350816.357564,0.000000,0.050472,0.000000,0.000000,0.000000,0.003157,0.000000,0.068235,0.000000,0.007212
570,1765350816.437474,0.000000,0.062751,0.000000,0.000000,0.000000,0.001755,0.000000,0.076242,0.000000,0.006773
571,1765350816.508828,0.000000,0.053000,0.000000,0.000000,0.000000,0.001630,0.000000,0.066470,0.000000,0.007201
572,1765350816.580421,0.000000,0.057099,0.000000,0.000000,0.000000,0.001859,0.000000,0.077083,0.000000,0.009143
573,1765350816.665795,0.000000,0.066499,0.000000,0.000000,0.000000,0.001657,0.000000,0.081435,0.000000,0.006929
574,1765350816.747449,0.000000,0.062648,0.000000,0.000000,0.000000,0.002141,0.000000,0.079624,0.000000,0.006633
575,1765350816.829584,0.000000,0.065456,0.000000,0.000000,0.000000,0.001666,0.000000,0.081388,0.000000,0.004866
576,1765350816.908531,0.000000,0.064655,0.000000,0.000000,0.000000,0.001955,0.000000,0.079340,0.000000,0.006441
577,1765350816.978854,0.000000,0.051675,0.000000,0.000000,0.000000,0.002188,0.000000,0.067729,0.000000,0.006523
578,1765350817.047720,0.000000,0.052232,0.000000,0.000000,0.000000,0.002111,0.000000,0.071444,0.000000,0.009316
579,1765350817.126873,0.000000,0.059283,0.000000,0.000000,0.000000,0.001766,0.000000,0.074065,0.000000,0.007106
580,1765350817.190800,0.000000,0.048258,0.000000,0.000000,0.000000,0.001223,0.000000,0.060459,0.000000,0.005953
581,1765350817.258388,0.000000,0.056891,0.000000,0.000000,0.000000,0.001427,0.000000,0.068508,0.000000,0.005628
582,1765350817.325671,0.000000,0.052252,0.000000,0.000000,0.000000,0.001938,0.000000,0.066996,0.000000,0.006501
583,1765350817.385559,0.000000,0.049544,0.000000,0.000000,0.000000,0.001646,0.000000,0.065260,0.000000,0.008302
584,1765350817.458862,0.000000,0.052788,0.000000,0.000000,0.000000,0.001718,0.000000,0.069016,0.000000,0.007907
585,1765350817.524805,0.000000,0.048604,0.000000,0.000000,0.000000,0.001371,0.000000,0.062761,0.000000,0.007463
586,1765350817.588848,0.000000,0.050534,0.000000,0.000000,0.000000,0.001900,0.000000,0.064514,0.000000,0.006013
587,1765350817.657542,0.000000,0.051387,0.000000,0.000000,0.000000,0.001593,0.000000,0.064969,0.000000,0.006562
588,1765350817.732804,0.000000,0.059866,0.000000,0.000000,0.000000,0.005357,0.000000,0.080090,0.000000,0.007099
589,1765350817.815671,0.000000,0.061585,0.000000,0.000000,0.000000,0.001595,0.000000,0.078307,0.000000,0.006036
590,1765350817.907621,0.000000,0.074556,0.000000,0.000000,0.000000,0.004701,0.000000,0.090812,0.000000,0.005484
591,1765350817.971413,0.000000,0.051600,0.000000,0.000000,0.000000,0.001207,0.000000,0.064054,0.000000,0.006365
592,1765350818.045419,0.000000,0.057243,0.000000,0.000000,0.000000,0.001731,0.000000,0.072468,0.000000,0.006505
593,1765350818.105600,0.000000,0.050412,0.000000,0.000000,0.000000,0.002465,0.000000,0.067258,0.000000,0.006291
594,1765350818.186907,0.000000,0.057805,0.000000,0.000000,0.000000,0.004808,0.000000,0.074351,0.000000,0.007330
595,1765350818.259469,0.000000,0.057335,0.000000,0.000000,0.000000,0.005363,0.000000,0.076289,0.000000,0.007400
596,1765350818.345405,0.000000,0.064919,0.000000,0.000000,0.000000,0.002070,0.000000,0.079718,0.000000,0.005532
597,1765350818.407348,0.000000,0.046314,0.000000,0.000000,0.000000,0.006166,0.000000,0.066965,0.000000,0.006688
598,1765350818.478292,0.000000,0.048816,0.000000,0.000000,0.000000,0.001399,0.000000,0.064160,0.000000,0.005605
599,1765350818.537884,0.000000,0.043397,0.000000,0.000000,0.000000,0.002190,0.000000,0.060964,0.000000,0.007326
600,1765350818.604010,0.000000,0.048728,0.000000,0.000000,0.000000,0.002049,0.000000,0.066084,0.000000,0.008221
601,1765350818.679797,0.000000,0.055433,0.000000,0.000000,0.000000,0.005028,0.000000,0.078271,0.000000,0.005148
602,1765350818.765348,0.000000,0.063206,0.000000,0.000000,0.000000,0.004400,0.000000,0.080002,0.000000,0.004992
603,1765350818.848069,0.000000,0.066005,0.000000,0.000000,0.000000,0.001194,0.000000,0.081292,0.000000,0.006097
604,1765350818.931323,0.000000,0.067575,0.000000,0.000000,0.000000,0.004656,0.000000,0.089549,0.000000,0.009240
605,1765350819.014227,0.000000,0.059555,0.000000,0.000000,0.000000,0.017182,0.000000,0.089306,0.000000,0.004260
606,1765350819.095624,0.000000,0.052616,0.000000,0.000000,0.000000,0.002441,0.000000,0.067233,0.000000,0.006783
607,1765350819.159994,0.000000,0.049379,0.000000,0.000000,0.000000,0.005009,0.000000,0.067114,0.000000,0.006159
608,1765350819.240319,0.000000,0.064255,0.000000,0.000000,0.000000,0.005100,0.000000,0.080870,0.000000,0.006959
609,1765350819.315574,0.000000,0.054351,0.000000,0.000000,0.000000,0.004656,0.000000,0.072049,0.000000,0.004987
610,1765350819.396916,0.000000,0.064949,0.000000,0.000000,0.000000,0.001786,0.000000,0.080772,0.000000,0.007253
611,1765350819.475471,0.000000,0.064567,0.000000,0.000000,0.000000,0.017443,0.000000,0.095149,0.000000,0.006340
612,1765350819.560099,0.000000,0.052502,0.000000,0.000000,0.000000,0.005006,0.000000,0.070790,0.000000,0.006160
613,1765350819.645482,0.000000,0.063228,0.000000,0.000000,0.000000,0.004696,0.000000,0.080253,0.000000,0.005084
614,1765350819.721827,0.000000,0.058118,0.000000,0.000000,0.000000,0.017401,0.000000,0.087978,0.000000,0.006578
615,1765350819.813590,0.000000,0.059984,0.000000,0.000000,0.000000,0.017569,0.000000,0.092817,0.000000,0.006100
616,1765350819.906924,0.000000,0.061633,0.000000,0.000000,0.000000,0.001649,0.000000,0.076352,0.000000,0.007070
617,1765350819.976971,0.000000,0.055662,0.000000,0.000000,0.000000,0.001761,0.000000,0.070307,0.000000,0.006188
618,1765350820.045630,0.000000,0.052882,0.000000,0.000000,0.000000,0.001935,0.000000,0.069022,0.000000,0.006680
619,1765350820.126722,0.000000,0.063223,0.000000,0.000000,0.000000,0.002315,0.000000,0.079062,0.000000,0.007362
620,1765350820.192836,0.000000,0.049684,0.000000,0.000000,0.000000,0.001622,0.000000,0.063149,0.000000,0.007344
621,1765350820.256801,0.000000,0.051386,0.000000,0.000000,0.000000,0.001797,0.000000,0.067717,0.000000,0.008187
622,1765350820.324441,0.000000,0.047699,0.000000,0.000000,0.000000,0.001841,0.000000,0.062379,0.000000,0.006796
623,1765350820.397874,0.000000,0.058453,0.000000,0.000000,0.000000,0.002401,0.000000,0.075899,0.000000,0.008019
624,1765350820.481483,0.000000,0.063877,0.000000,0.000000,0.000000,0.001478,0.000000,0.080070,0.000000,0.006081
625,1765350820.564626,0.000000,0.067351,0.000000,0.000000,0.000000,0.001590,0.000000,0.081241,0.000000,0.006058
626,1765350820.632385,0.000000,0.052789,0.000000,0.000000,0.000000,0.001638,0.000000,0.067606,0.000000,0.006491
627,1765350820.706235,0.000000,0.059000,0.000000,0.000000,0.000000,0.004793,0.000000,0.075725,0.000000,0.006564
628,1765350820.781425,0.000000,0.056850,0.000000,0.000000,0.000000,0.001614,0.000000,0.073852,0.000000,0.006243
629,1765350820.864068,0.000000,0.066045,0.000000,0.000000,0.000000,0.001661,0.000000,0.085400,0.000000,0.008357
630,1765350820.936190,0.000000,0.052007,0.000000,0.000000,0.000000,0.005601,0.000000,0.073123,0.000000,0.006977
631,1765350821.008992,0.000000,0.049907,0.000000,0.000000,0.000000,0.002353,0.000000,0.066218,0.000000,0.007177
632,1765350821.068499,0.000000,0.046085,0.000000,0.000000,0.000000,0.001852,0.000000,0.062574,0.000000,0.007155
633,1765350821.145384,0.000000,0.056683,0.000000,0.000000,0.000000,0.003065,0.000000,0.079648,0.000000,0.012102
634,1765350821.230128,0.000000,0.060562,0.000000,0.000000,0.000000,0.001511,0.000000,0.074747,0.000000,0.006789
635,1765350821.291077,0.000000,0.050641,0.000000,0.000000,0.000000,0.002443,0.000000,0.064635,0.000000,0.006245
636,1765350821.365308,0.000000,0.055621,0.000000,0.000000,0.000000,0.001894,0.000000,0.070347,0.000000,0.006285
637,1765350821.450232,0.000000,0.068930,0.000000,0.000000,0.000000,0.001913,0.000000,0.083901,0.000000,0.005516
638,1765350821.525326,0.000000,0.060868,0.000000,0.000000,0.000000,0.002039,0.000000,0.074831,0.000000,0.006059
639,1765350821.588639,0.000000,0.051455,0.000000,0.000000,0.000000,0.001389,0.000000,0.063976,0.000000,0.006646
640,1765350821.657695,0.000000,0.053194,0.000000,0.000000,0.000000,0.001372,0.000000,0.066292,0.000000,0.006281
641,1765350821.725562,0.000000,0.055295,0.000000,0.000000,0.000000,0.001869,0.000000,0.068300,0.000000,0.006795
642,1765350821.787241,0.000000,0.047683,0.000000,0.000000,0.000000,0.001454,0.000000,0.060804,0.000000,0.005767
643,1765350821.859100,0.000000,0.055952,0.000000,0.000000,0.000000,0.001302,0.000000,0.068052,0.000000,0.006046
644,1765350821.927164,0.000000,0.057161,0.000000,0.000000,0.000000,0.002853,0.000000,0.073574,0.000000,0.005648
645,1765350822.009027,0.000000,0.064513,0.000000,0.000000,0.000000,0.002004,0.000000,0.078310,0.000000,0.006875
646,1765350822.075607,0.000000,0.050542,0.000000,0.000000,0.000000,0.004799,0.000000,0.065600,0.000000,0.006014
647,1765350822.142215,0.000000,0.050649,0.000000,0.000000,0.000000,0.001695,0.000000,0.063962,0.000000,0.006339
648,1765350822.208963,0.000000,0.053664,0.000000,0.000000,0.000000,0.005310,0.000000,0.069884,0.000000,0.005560
649,1765350822.275493,0.000000,0.047893,0.000000,0.000000,0.000000,0.001845,0.000000,0.061881,0.000000,0.006185
650,1765350822.341845,0.000000,0.051678,0.000000,0.000000,0.000000,0.001397,0.000000,0.064813,0.000000,0.006324
651,1765350822.406784,0.000000,0.051431,0.000000,0.000000,0.000000,0.001451,0.000000,0.064131,0.000000,0.006704
652,1765350822.472063,0.000000,0.053870,0.000000,0.000000,0.000000,0.001149,0.000000,0.065980,0.000000,0.006577
653,1765350822.541683,0.000000,0.053543,0.000000,0.000000,0.000000,0.001448,0.000000,0.066310,0.000000,0.006832
654,1765350822.608098,0.000000,0.052829,0.000000,0.000000,0.000000,0.001722,0.000000,0.067272,0.000000,0.006342
655,1765350822.672750,0.000000,0.049383,0.000000,0.000000,0.000000,0.001360,0.000000,0.061889,0.000000,0.006123
656,1765350822.742624,0.000000,0.057926,0.000000,0.000000,0.000000,0.002644,0.000000,0.073349,0.000000,0.006647
657,1765350822.808820,0.000000,0.048825,0.000000,0.000000,0.000000,0.001722,0.000000,0.061942,0.000000,0.006104
658,1765350822.875291,0.000000,0.051956,0.000000,0.000000,0.000000,0.001185,0.000000,0.064865,0.000000,0.006568
659,1765350822.939728,0.000000,0.050202,0.000000,0.000000,0.000000,0.001588,0.000000,0.065058,0.000000,0.006718
660,1765350823.007372,0.000000,0.053120,0.000000,0.000000,0.000000,0.001612,0.000000,0.067328,0.000000,0.007139
661,1765350823.075399,0.000000,0.052603,0.000000,0.000000,0.000000,0.001620,0.000000,0.067219,0.000000,0.007490
662,1765350823.138905,0.000000,0.049668,0.000000,0.000000,0.000000,0.001398,0.000000,0.062310,0.000000,0.006604
663,1765350823.204130,0.000000,0.049493,0.000000,0.000000,0.000000,0.001559,0.000000,0.064567,0.000000,0.006708
664,1765350823.272588,0.000000,0.055203,0.000000,0.000000,0.000000,0.001592,0.000000,0.067464,0.000000,0.006155
665,1765350823.341263,0.000000,0.054734,0.000000,0.000000,0.000000,0.001436,0.000000,0.066878,0.000000,0.006292
666,1765350823.406811,0.000000,0.051074,0.000000,0.000000,0.000000,0.001527,0.000000,0.065860,0.000000,0.006959
667,1765350823.476598,0.000000,0.054914,0.000000,0.000000,0.000000,0.001663,0.000000,0.068089,0.000000,0.006765
668,1765350823.542675,0.000000,0.051841,0.000000,0.000000,0.000000,0.001477,0.000000,0.064848,0.000000,0.007233
669,1765350823.605716,0.000000,0.052106,0.000000,0.000000,0.000000,0.001327,0.000000,0.065417,0.000000,0.007130
670,1765350823.675292,0.000000,0.053760,0.000000,0.000000,0.000000,0.001469,0.000000,0.066769,0.000000,0.007008
671,1765350823.741833,0.000000,0.051973,0.000000,0.000000,0.000000,0.001885,0.000000,0.065701,0.000000,0.005967
672,1765350823.808734,0.000000,0.052835,0.000000,0.000000,0.000000,0.001886,0.000000,0.068507,0.000000,0.007520
673,1765350823.876339,0.000000,0.053142,0.000000,0.000000,0.000000,0.001740,0.000000,0.066619,0.000000,0.005884
674,1765350823.942539,0.000000,0.050816,0.000000,0.000000,0.000000,0.005417,0.000000,0.067829,0.000000,0.005432
675,1765350824.008857,0.000000,0.047736,0.000000,0.000000,0.000000,0.004318,0.000000,0.064521,0.000000,0.007483
676,1765350824.069743,0.000000,0.048688,0.000000,0.000000,0.000000,0.001507,0.000000,0.061761,0.000000,0.007087
677,1765350824.139972,0.000000,0.051684,0.000000,0.000000,0.000000,0.001274,0.000000,0.063913,0.000000,0.006128
678,1765350824.209538,0.000000,0.057085,0.000000,0.000000,0.000000,0.002861,0.000000,0.072533,0.000000,0.006942
679,1765350824.273255,0.000000,0.048721,0.000000,0.000000,0.000000,0.001502,0.000000,0.061027,0.000000,0.006367
680,1765350824.342023,0.000000,0.055258,0.000000,0.000000,0.000000,0.002657,0.000000,0.070752,0.000000,0.006979
681,1765350824.407857,0.000000,0.049192,0.000000,0.000000,0.000000,0.001554,0.000000,0.063745,0.000000,0.008024
682,1765350824.475367,0.000000,0.051644,0.000000,0.000000,0.000000,0.001683,0.000000,0.065430,0.000000,0.006183
683,1765350824.539774,0.000000,0.050902,0.000000,0.000000,0.000000,0.001244,0.000000,0.064789,0.000000,0.008242
684,1765350824.607504,0.000000,0.053694,0.000000,0.000000,0.000000,0.001865,0.000000,0.067903,0.000000,0.006028
685,1765350824.674045,0.000000,0.050877,0.000000,0.000000,0.000000,0.001418,0.000000,0.063368,0.000000,0.006344
686,1765350824.739754,0.000000,0.052019,0.000000,0.000000,0.000000,0.001552,0.000000,0.065020,0.000000,0.006435
687,1765350824.808831,0.000000,0.055904,0.000000,0.000000,0.000000,0.001928,0.000000,0.071798,0.000000,0.006741
688,1765350824.870896,0.000000,0.048610,0.000000,0.000000,0.000000,0.001390,0.000000,0.062226,0.000000,0.007173
689,1765350824.943469,0.000000,0.054394,0.000000,0.000000,0.000000,0.001776,0.000000,0.068288,0.000000,0.007326
690,1765350825.004440,0.000000,0.045865,0.000000,0.000000,0.000000,0.001809,0.000000,0.061315,0.000000,0.007363
691,1765350825.075579,0.000000,0.055330,0.000000,0.000000,0.000000,0.001717,0.000000,0.070272,0.000000,0.007193
692,1765350825.139282,0.000000,0.047819,0.000000,0.000000,0.000000,0.001206,0.000000,0.061016,0.000000,0.006407
693,1765350825.202723,0.000000,0.049948,0.000000,0.000000,0.000000,0.001141,0.000000,0.062878,0.000000,0.005653
694,1765350825.273175,0.000000,0.058647,0.000000,0.000000,0.000000,0.001565,0.000000,0.072136,0.000000,0.007296
695,1765350825.340920,0.000000,0.050425,0.000000,0.000000,0.000000,0.001658,0.000000,0.066159,0.000000,0.007659
696,1765350825.408714,0.000000,0.050992,0.000000,0.000000,0.000000,0.001302,0.000000,0.065776,0.000000,0.008020
697,1765350825.470074,0.000000,0.049108,0.000000,0.000000,0.000000,0.001564,0.000000,0.065114,0.000000,0.007665
698,1765350825.540067,0.000000,0.051863,0.000000,0.000000,0.000000,0.001410,0.000000,0.065592,0.000000,0.007763
699,1765350825.609208,0.000000,0.054763,0.000000,0.000000,0.000000,0.002800,0.000000,0.069411,0.000000,0.005931
700,1765350825.675652,0.000000,0.049902,0.000000,0.000000,0.000000,0.001614,0.000000,0.064722,0.000000,0.007596
701,1765350825.736667,0.000000,0.044819,0.000000,0.000000,0.000000,0.001618,0.000000,0.061094,0.000000,0.007657
702,1765350825.805390,0.000000,0.052187,0.000000,0.000000,0.000000,0.004429,0.000000,0.069200,0.000000,0.006454
703,1765350825.876656,0.000000,0.052878,0.000000,0.000000,0.000000,0.002982,0.000000,0.069635,0.000000,0.007463
704,1765350825.942088,0.000000,0.050255,0.000000,0.000000,0.000000,0.002065,0.000000,0.064882,0.000000,0.007289
705,1765350826.015684,0.000000,0.055850,0.000000,0.000000,0.000000,0.004683,0.000000,0.075875,0.000000,0.006088
706,1765350826.095482,0.000000,0.059349,0.000000,0.000000,0.000000,0.002455,0.000000,0.075951,0.000000,0.008508
707,1765350826.170088,0.000000,0.061784,0.000000,0.000000,0.000000,0.001959,0.000000,0.078807,0.000000,0.008369
708,1765350826.243275,0.000000,0.050820,0.000000,0.000000,0.000000,0.001934,0.000000,0.065797,0.000000,0.007090
709,1765350826.309399,0.000000,0.050415,0.000000,0.000000,0.000000,0.002658,0.000000,0.066149,0.000000,0.007744
710,1765350826.373342,0.000000,0.047563,0.000000,0.000000,0.000000,0.001618,0.000000,0.062008,0.000000,0.006888
711,1765350826.445432,0.000000,0.055673,0.000000,0.000000,0.000000,0.002691,0.000000,0.071992,0.000000,0.006078
712,1765350826.507780,0.000000,0.049407,0.000000,0.000000,0.000000,0.002223,0.000000,0.066092,0.000000,0.007320
713,1765350826.579744,0.000000,0.054052,0.000000,0.000000,0.000000,0.002052,0.000000,0.073442,0.000000,0.008746
714,1765350826.667324,0.000000,0.064010,0.000000,0.000000,0.000000,0.001755,0.000000,0.077853,0.000000,0.006163
715,1765350826.743220,0.000000,0.060811,0.000000,0.000000,0.000000,0.002152,0.000000,0.076436,0.000000,0.007164
716,1765350826.806881,0.000000,0.048310,0.000000,0.000000,0.000000,0.001359,0.000000,0.064258,0.000000,0.008810
717,1765350826.873034,0.000000,0.049150,0.000000,0.000000,0.000000,0.001543,0.000000,0.063546,0.000000,0.007064
718,1765350826.939891,0.000000,0.053355,0.000000,0.000000,0.000000,0.001627,0.000000,0.066864,0.000000,0.006982
719,1765350827.008783,0.000000,0.053261,0.000000,0.000000,0.000000,0.005385,0.000000,0.071557,0.000000,0.007086
720,1765350827.085513,0.000000,0.057942,0.000000,0.000000,0.000000,0.001800,0.000000,0.073534,0.000000,0.005735
721,1765350827.177617,0.000000,0.072757,0.000000,0.000000,0.000000,0.001778,0.000000,0.090292,0.000000,0.008060
722,1765350827.245478,0.000000,0.053459,0.000000,0.000000,0.000000,0.002053,0.000000,0.070114,0.000000,0.005189
723,1765350827.328809,0.000000,0.064994,0.000000,0.000000,0.000000,0.002548,0.000000,0.082606,0.000000,0.007845
724,1765350827.415500,0.000000,0.065524,0.000000,0.000000,0.000000,0.002262,0.000000,0.083599,0.000000,0.006379
725,1765350827.505760,0.000000,0.071800,0.000000,0.000000,0.000000,0.002152,0.000000,0.092096,0.000000,0.009111
726,1765350827.589819,0.000000,0.061986,0.000000,0.000000,0.000000,0.001587,0.000000,0.079242,0.000000,0.007262
727,1765350827.674685,0.000000,0.066507,0.000000,0.000000,0.000000,0.003005,0.000000,0.088281,0.000000,0.007863
728,1765350827.781915,0.000000,0.084871,0.000000,0.000000,0.000000,0.002474,0.000000,0.104382,0.000000,0.006973
729,1765350827.869602,0.000000,0.067458,0.000000,0.000000,0.000000,0.002892,0.000000,0.085875,0.000000,0.007810
730,1765350827.955745,0.000000,0.067621,0.000000,0.000000,0.000000,0.001472,0.000000,0.082715,0.000000,0.006602
731,1765350828.037902,0.000000,0.065471,0.000000,0.000000,0.000000,0.001869,0.000000,0.081275,0.000000,0.007404
732,1765350828.125685,0.000000,0.069339,0.000000,0.000000,0.000000,0.001475,0.000000,0.088498,0.000000,0.006239
733,1765350828.220079,0.000000,0.073962,0.000000,0.000000,0.000000,0.002623,0.000000,0.091331,0.000000,0.007513
734,1765350828.302711,0.000000,0.064763,0.000000,0.000000,0.000000,0.003109,0.000000,0.082630,0.000000,0.007404
735,1765350828.393421,0.000000,0.070530,0.000000,0.000000,0.000000,0.002494,0.000000,0.088456,0.000000,0.008546
736,1765350828.471109,0.000000,0.060082,0.000000,0.000000,0.000000,0.001700,0.000000,0.078166,0.000000,0.009538
737,1765350828.548184,0.000000,0.057174,0.000000,0.000000,0.000000,0.002253,0.000000,0.079213,0.000000,0.008367
738,1765350828.630724,0.000000,0.059784,0.000000,0.000000,0.000000,0.001939,0.000000,0.074822,0.000000,0.005918
739,1765350828.689756,0.000000,0.048058,0.000000,0.000000,0.000000,0.002171,0.000000,0.064198,0.000000,0.007066
740,1765350828.766361,0.000000,0.056012,0.000000,0.000000,0.000000,0.001731,0.000000,0.068267,0.000000,0.005585
741,1765350828.847934,0.000000,0.073046,0.000000,0.000000,0.000000,0.001965,0.000000,0.089395,0.000000,0.006767
742,1765350828.925641,0.000000,0.057316,0.000000,0.000000,0.000000,0.001694,0.000000,0.071249,0.000000,0.007200
743,1765350829.001518,0.000000,0.057405,0.000000,0.000000,0.000000,0.002144,0.000000,0.078036,0.000000,0.007326
744,1765350829.087698,0.000000,0.065070,0.000000,0.000000,0.000000,0.001666,0.000000,0.080372,0.000000,0.005904
745,1765350829.166029,0.000000,0.062436,0.000000,0.000000,0.000000,0.001697,0.000000,0.077148,0.000000,0.005726
746,1765350829.256124,0.000000,0.074626,0.000000,0.000000,0.000000,0.001780,0.000000,0.089734,0.000000,0.006900
747,1765350829.325500,0.000000,0.055320,0.000000,0.000000,0.000000,0.001425,0.000000,0.068199,0.000000,0.006860
748,1765350829.402965,0.000000,0.062981,0.000000,0.000000,0.000000,0.002041,0.000000,0.078246,0.000000,0.006083
749,1765350829.487839,0.000000,0.066826,0.000000,0.000000,0.000000,0.002128,0.000000,0.084565,0.000000,0.007177
750,1765350829.563989,0.000000,0.058582,0.000000,0.000000,0.000000,0.002108,0.000000,0.073152,0.000000,0.006464
751,1765350829.633317,0.000000,0.053034,0.000000,0.000000,0.000000,0.001451,0.000000,0.066596,0.000000,0.004601
752,1765350829.715396,0.000000,0.070709,0.000000,0.000000,0.000000,0.001661,0.000000,0.084739,0.000000,0.005435
753,1765350829.801717,0.000000,0.068756,0.000000,0.000000,0.000000,0.002212,0.000000,0.090682,0.000000,0.008104
754,1765350829.878362,0.000000,0.055533,0.000000,0.000000,0.000000,0.003183,0.000000,0.074837,0.000000,0.007363
755,1765350829.963243,0.000000,0.064812,0.000000,0.000000,0.000000,0.001732,0.000000,0.078025,0.000000,0.005097
756,1765350830.035307,0.000000,0.059800,0.000000,0.000000,0.000000,0.001609,0.000000,0.073778,0.000000,0.006009
757,1765350830.115558,0.000000,0.063551,0.000000,0.000000,0.000000,0.001594,0.000000,0.078495,0.000000,0.005937
758,1765350830.193440,0.000000,0.062581,0.000000,0.000000,0.000000,0.001999,0.000000,0.076660,0.000000,0.007441
759,1765350830.281729,0.000000,0.073233,0.000000,0.000000,0.000000,0.002465,0.000000,0.093942,0.000000,0.009073
760,1765350830.371125,0.000000,0.067078,0.000000,0.000000,0.000000,0.001599,0.000000,0.082313,0.000000,0.007181
761,1765350830.445636,0.000000,0.058525,0.000000,0.000000,0.000000,0.002672,0.000000,0.072701,0.000000,0.005479
762,1765350830.512032,0.000000,0.051611,0.000000,0.000000,0.000000,0.001961,0.000000,0.067149,0.000000,0.007396
763,1765350830.577445,0.000000,0.049987,0.000000,0.000000,0.000000,0.002240,0.000000,0.065208,0.000000,0.006154
764,1765350830.639564,0.000000,0.047296,0.000000,0.000000,0.000000,0.001595,0.000000,0.060204,0.000000,0.006688
765,1765350830.710580,0.000000,0.055092,0.000000,0.000000,0.000000,0.002221,0.000000,0.070417,0.000000,0.006783
766,1765350830.780863,0.000000,0.055706,0.000000,0.000000,0.000000,0.001647,0.000000,0.069869,0.000000,0.006096
767,1765350830.844206,0.000000,0.048315,0.000000,0.000000,0.000000,0.002105,0.000000,0.065360,0.000000,0.008203
768,1765350830.931080,0.000000,0.069180,0.000000,0.000000,0.000000,0.001706,0.000000,0.084366,0.000000,0.006843
769,1765350831.016254,0.000000,0.068310,0.000000,0.000000,0.000000,0.001725,0.000000,0.084605,0.000000,0.006620
770,1765350831.105612,0.000000,0.071050,0.000000,0.000000,0.000000,0.002606,0.000000,0.088753,0.000000,0.008023
771,1765350831.194178,0.000000,0.070607,0.000000,0.000000,0.000000,0.002023,0.000000,0.091043,0.000000,0.007749
772,1765350831.285010,0.000000,0.069326,0.000000,0.000000,0.000000,0.002574,0.000000,0.088734,0.000000,0.008150
773,1765350831.372010,0.000000,0.065833,0.000000,0.000000,0.000000,0.002354,0.000000,0.085577,0.000000,0.008076
774,1765350831.458271,0.000000,0.069969,0.000000,0.000000,0.000000,0.003049,0.000000,0.089354,0.000000,0.009276
775,1765350831.550016,0.000000,0.068227,0.000000,0.000000,0.000000,0.001835,0.000000,0.087151,0.000000,0.009944
776,1765350831.638642,0.000000,0.069492,0.000000,0.000000,0.000000,0.002511,0.000000,0.089182,0.000000,0.009952
777,1765350831.740386,0.000000,0.079742,0.000000,0.000000,0.000000,0.001758,0.000000,0.096391,0.000000,0.007956
778,1765350831.822229,0.000000,0.065233,0.000000,0.000000,0.000000,0.001609,0.000000,0.082015,0.000000,0.008630
779,1765350831.898950,0.000000,0.063001,0.000000,0.000000,0.000000,0.001606,0.000000,0.079108,0.000000,0.008253
780,1765350831.983550,0.000000,0.062181,0.000000,0.000000,0.000000,0.001794,0.000000,0.080457,0.000000,0.008309
781,1765350832.069097,0.000000,0.066750,0.000000,0.000000,0.000000,0.002163,0.000000,0.084611,0.000000,0.010140
782,1765350832.156302,0.000000,0.067681,0.000000,0.000000,0.000000,0.001956,0.000000,0.085343,0.000000,0.008312
783,1765350832.244635,0.000000,0.072221,0.000000,0.000000,0.000000,0.002100,0.000000,0.087762,0.000000,0.005844
784,1765350832.334300,0.000000,0.068487,0.000000,0.000000,0.000000,0.018016,0.000000,0.108007,0.000000,0.007828
785,1765350832.432300,0.000000,0.060495,0.000000,0.000000,0.000000,0.004729,0.000000,0.077071,0.000000,0.005117
786,1765350832.512963,0.000000,0.063494,0.000000,0.000000,0.000000,0.003162,0.000000,0.082050,0.000000,0.006983
787,1765350832.602220,0.000000,0.070404,0.000000,0.000000,0.000000,0.001937,0.000000,0.087766,0.000000,0.007706
788,1765350832.681156,0.000000,0.058510,0.000000,0.000000,0.000000,0.017649,0.000000,0.089844,0.000000,0.005364
789,1765350832.759159,0.000000,0.052085,0.000000,0.000000,0.000000,0.001753,0.000000,0.066780,0.000000,0.005653
790,1765350832.831458,0.000000,0.051858,0.000000,0.000000,0.000000,0.001634,0.000000,0.067421,0.000000,0.005781
791,1765350832.914064,0.000000,0.065995,0.000000,0.000000,0.000000,0.001750,0.000000,0.081060,0.000000,0.005604
792,1765350832.978468,0.000000,0.049087,0.000000,0.000000,0.000000,0.002218,0.000000,0.063590,0.000000,0.005531
793,1765350833.042262,0.000000,0.049182,0.000000,0.000000,0.000000,0.001823,0.000000,0.064395,0.000000,0.006770
794,1765350833.109087,0.000000,0.051731,0.000000,0.000000,0.000000,0.002654,0.000000,0.068742,0.000000,0.008444
795,1765350833.180021,0.000000,0.056274,0.000000,0.000000,0.000000,0.002866,0.000000,0.075143,0.000000,0.008516
796,1765350833.278550,0.000000,0.073053,0.000000,0.000000,0.000000,0.002001,0.000000,0.090603,0.000000,0.006368
797,1765350833.361639,0.000000,0.065182,0.000000,0.000000,0.000000,0.001478,0.000000,0.078616,0.000000,0.006874
798,1765350833.431488,0.000000,0.055572,0.000000,0.000000,0.000000,0.001771,0.000000,0.074396,0.000000,0.006593
799,1765350833.511904,0.000000,0.060967,0.000000,0.000000,0.000000,0.006979,0.000000,0.082372,0.000000,0.006865
800,1765350833.599881,0.000000,0.064082,0.000000,0.000000,0.000000,0.002486,0.000000,0.081030,0.000000,0.007463
801,1765350833.685023,0.000000,0.066716,0.000000,0.000000,0.000000,0.001273,0.000000,0.085469,0.000000,0.007881
802,1765350833.763696,0.000000,0.060151,0.000000,0.000000,0.000000,0.001798,0.000000,0.076421,0.000000,0.006115
803,1765350833.853106,0.000000,0.072580,0.000000,0.000000,0.000000,0.001966,0.000000,0.093164,0.000000,0.010224
804,1765350833.941517,0.000000,0.066087,0.000000,0.000000,0.000000,0.001787,0.000000,0.082134,0.000000,0.007803
805,1765350834.015940,0.000000,0.059036,0.000000,0.000000,0.000000,0.001919,0.000000,0.075708,0.000000,0.007517
806,1765350834.101243,0.000000,0.066047,0.000000,0.000000,0.000000,0.002111,0.000000,0.082030,0.000000,0.006580
807,1765350834.180865,0.000000,0.066145,0.000000,0.000000,0.000000,0.001794,0.000000,0.083220,0.000000,0.006944
808,1765350834.270654,0.000000,0.068365,0.000000,0.000000,0.000000,0.001917,0.000000,0.083222,0.000000,0.006278
809,1765350834.352888,0.000000,0.068037,0.000000,0.000000,0.000000,0.001759,0.000000,0.085889,0.000000,0.007889
810,1765350834.434516,0.000000,0.062274,0.000000,0.000000,0.000000,0.001378,0.000000,0.076334,0.000000,0.005568
811,1765350834.508430,0.000000,0.059971,0.000000,0.000000,0.000000,0.001934,0.000000,0.075144,0.000000,0.006967
812,1765350834.584083,0.000000,0.057514,0.000000,0.000000,0.000000,0.002313,0.000000,0.074732,0.000000,0.007688
813,1765350834.669935,0.000000,0.069049,0.000000,0.000000,0.000000,0.001860,0.000000,0.085602,0.000000,0.007081
814,1765350834.755733,0.000000,0.067402,0.000000,0.000000,0.000000,0.001590,0.000000,0.083749,0.000000,0.007338
815,1765350834.827127,0.000000,0.053666,0.000000,0.000000,0.000000,0.005268,0.000000,0.071872,0.000000,0.006226
816,1765350834.897298,0.000000,0.051486,0.000000,0.000000,0.000000,0.001717,0.000000,0.066285,0.000000,0.005883
817,1765350834.960251,0.000000,0.047932,0.000000,0.000000,0.000000,0.001602,0.000000,0.061262,0.000000,0.006600
818,1765350835.030677,0.000000,0.057161,0.000000,0.000000,0.000000,0.002064,0.000000,0.073092,0.000000,0.006404
819,1765350835.110302,0.000000,0.063847,0.000000,0.000000,0.000000,0.002411,0.000000,0.078538,0.000000,0.006714
820,1765350835.174907,0.000000,0.047939,0.000000,0.000000,0.000000,0.001528,0.000000,0.061433,0.000000,0.007206
821,1765350835.241892,0.000000,0.053795,0.000000,0.000000,0.000000,0.001814,0.000000,0.070009,0.000000,0.007454
822,1765350835.310594,0.000000,0.051823,0.000000,0.000000,0.000000,0.001680,0.000000,0.068093,0.000000,0.007176
823,1765350835.395962,0.000000,0.065572,0.000000,0.000000,0.000000,0.002561,0.000000,0.083646,0.000000,0.007166
824,1765350835.483663,0.000000,0.069039,0.000000,0.000000,0.000000,0.001804,0.000000,0.084724,0.000000,0.006514
825,1765350835.568881,0.000000,0.068050,0.000000,0.000000,0.000000,0.001916,0.000000,0.083452,0.000000,0.007093
826,1765350835.653512,0.000000,0.068353,0.000000,0.000000,0.000000,0.002372,0.000000,0.086034,0.000000,0.008172
827,1765350835.734871,0.000000,0.064372,0.000000,0.000000,0.000000,0.001916,0.000000,0.080427,0.000000,0.007378
828,1765350835.817293,0.000000,0.064099,0.000000,0.000000,0.000000,0.001739,0.000000,0.083009,0.000000,0.007615
829,1765350835.903077,0.000000,0.065289,0.000000,0.000000,0.000000,0.002200,0.000000,0.080359,0.000000,0.006198
830,1765350835.989753,0.000000,0.072095,0.000000,0.000000,0.000000,0.001854,0.000000,0.089914,0.000000,0.009190
831,1765350836.077162,0.000000,0.066691,0.000000,0.000000,0.000000,0.001958,0.000000,0.088546,0.000000,0.007207
832,1765350836.174671,0.000000,0.076072,0.000000,0.000000,0.000000,0.001881,0.000000,0.092893,0.000000,0.006705
833,1765350836.253294,0.000000,0.060242,0.000000,0.000000,0.000000,0.005075,0.000000,0.079722,0.000000,0.007702
834,1765350836.329619,0.000000,0.055952,0.000000,0.000000,0.000000,0.002790,0.000000,0.074144,0.000000,0.007227
835,1765350836.417748,0.000000,0.069772,0.000000,0.000000,0.000000,0.002422,0.000000,0.085471,0.000000,0.006070
836,1765350836.497768,0.000000,0.063712,0.000000,0.000000,0.000000,0.001889,0.000000,0.080326,0.000000,0.005111
837,1765350836.575799,0.000000,0.061475,0.000000,0.000000,0.000000,0.001646,0.000000,0.075253,0.000000,0.006554
838,1765350836.642063,0.000000,0.051255,0.000000,0.000000,0.000000,0.002082,0.000000,0.066421,0.000000,0.006762
839,1765350836.714368,0.000000,0.056079,0.000000,0.000000,0.000000,0.002398,0.000000,0.071926,0.000000,0.005769
840,1765350836.791992,0.000000,0.062542,0.000000,0.000000,0.000000,0.002381,0.000000,0.078850,0.000000,0.007913
841,1765350836.865366,0.000000,0.055486,0.000000,0.000000,0.000000,0.001650,0.000000,0.070285,0.000000,0.007356
842,1765350836.952302,0.000000,0.072691,0.000000,0.000000,0.000000,0.001298,0.000000,0.088028,0.000000,0.007537
843,1765350837.033020,0.000000,0.063363,0.000000,0.000000,0.000000,0.001779,0.000000,0.079931,0.000000,0.007210
844,1765350837.136000,0.000000,0.081319,0.000000,0.000000,0.000000,0.002726,0.000000,0.105140,0.000000,0.010337
845,1765350837.225853,0.000000,0.068053,0.000000,0.000000,0.000000,0.002130,0.000000,0.083432,0.000000,0.007413
846,1765350837.300316,0.000000,0.056303,0.000000,0.000000,0.000000,0.002173,0.000000,0.071254,0.000000,0.006005
847,1765350837.384324,0.000000,0.068199,0.000000,0.000000,0.000000,0.001688,0.000000,0.084219,0.000000,0.006444
848,1765350837.469763,0.000000,0.068519,0.000000,0.000000,0.000000,0.002097,0.000000,0.085743,0.000000,0.007475
849,1765350837.553735,0.000000,0.067332,0.000000,0.000000,0.000000,0.001695,0.000000,0.083691,0.000000,0.006777
850,1765350837.636129,0.000000,0.062160,0.000000,0.000000,0.000000,0.017811,0.000000,0.098672,0.000000,0.011233
851,1765350837.739454,0.000000,0.066300,0.000000,0.000000,0.000000,0.002632,0.000000,0.085498,0.000000,0.008123
852,1765350837.824499,0.000000,0.065307,0.000000,0.000000,0.000000,0.002171,0.000000,0.086504,0.000000,0.009836
853,1765350837.905524,0.000000,0.060647,0.000000,0.000000,0.000000,0.002217,0.000000,0.078272,0.000000,0.007185
854,1765350837.989230,0.000000,0.063298,0.000000,0.000000,0.000000,0.002796,0.000000,0.085595,0.000000,0.010175
855,1765350838.083138,0.000000,0.072324,0.000000,0.000000,0.000000,0.018609,0.000000,0.107342,0.000000,0.007674
856,1765350838.181360,0.000000,0.060191,0.000000,0.000000,0.000000,0.005121,0.000000,0.079051,0.000000,0.006340
857,1765350838.263492,0.000000,0.065169,0.000000,0.000000,0.000000,0.001657,0.000000,0.083966,0.000000,0.007443
858,1765350838.351497,0.000000,0.065186,0.000000,0.000000,0.000000,0.002012,0.000000,0.079435,0.000000,0.006843
859,1765350838.435011,0.000000,0.067268,0.000000,0.000000,0.000000,0.001491,0.000000,0.090147,0.000000,0.013638
860,1765350838.539264,0.000000,0.080583,0.000000,0.000000,0.000000,0.001688,0.000000,0.095197,0.000000,0.006366
861,1765350838.607517,0.000000,0.055670,0.000000,0.000000,0.000000,0.017882,0.000000,0.087004,0.000000,0.006974
862,1765350838.702085,0.000000,0.059571,0.000000,0.000000,0.000000,0.001608,0.000000,0.072767,0.000000,0.005611
863,1765350838.778620,0.000000,0.064463,0.000000,0.000000,0.000000,0.002178,0.000000,0.080845,0.000000,0.007268
864,1765350838.863816,0.000000,0.066917,0.000000,0.000000,0.000000,0.001666,0.000000,0.081675,0.000000,0.005191
865,1765350838.933009,0.000000,0.053342,0.000000,0.000000,0.000000,0.002495,0.000000,0.072608,0.000000,0.007699
866,1765350839.013163,0.000000,0.059690,0.000000,0.000000,0.000000,0.001984,0.000000,0.078716,0.000000,0.009117
867,1765350839.102867,0.000000,0.071248,0.000000,0.000000,0.000000,0.001872,0.000000,0.088713,0.000000,0.009339
868,1765350839.186213,0.000000,0.064202,0.000000,0.000000,0.000000,0.002194,0.000000,0.081449,0.000000,0.007863
869,1765350839.278591,0.000000,0.073690,0.000000,0.000000,0.000000,0.001953,0.000000,0.088926,0.000000,0.005652
870,1765350839.358555,0.000000,0.064057,0.000000,0.000000,0.000000,0.002467,0.000000,0.085125,0.000000,0.009975
871,1765350839.447877,0.000000,0.070458,0.000000,0.000000,0.000000,0.030429,0.000000,0.116161,0.000000,0.006800
872,1765350839.544911,0.000000,0.047643,0.000000,0.000000,0.000000,0.002188,0.000000,0.063253,0.000000,0.006523
873,1765350839.615792,0.000000,0.055475,0.000000,0.000000,0.000000,0.003131,0.000000,0.073480,0.000000,0.007832
874,1765350839.698216,0.000000,0.062534,0.000000,0.000000,0.000000,0.001647,0.000000,0.078504,0.000000,0.006303
875,1765350839.786682,0.000000,0.072277,0.000000,0.000000,0.000000,0.002097,0.000000,0.090795,0.000000,0.008324
876,1765350839.868787,0.000000,0.061020,0.000000,0.000000,0.000000,0.005850,0.000000,0.080927,0.000000,0.007388
877,1765350839.959007,0.000000,0.068802,0.000000,0.000000,0.000000,0.005750,0.000000,0.089465,0.000000,0.006449
878,1765350840.040961,0.000000,0.060426,0.000000,0.000000,0.000000,0.003879,0.000000,0.084228,0.000000,0.011101
879,1765350840.128376,0.000000,0.063740,0.000000,0.000000,0.000000,0.031174,0.000000,0.109596,0.000000,0.007503
880,1765350840.238558,0.000000,0.064362,0.000000,0.000000,0.000000,0.001601,0.000000,0.080382,0.000000,0.008439
881,1765350840.326356,0.000000,0.069296,0.000000,0.000000,0.000000,0.001854,0.000000,0.085116,0.000000,0.007924
882,1765350840.404865,0.000000,0.061436,0.000000,0.000000,0.000000,0.001591,0.000000,0.077949,0.000000,0.007403
883,1765350840.481450,0.000000,0.059885,0.000000,0.000000,0.000000,0.005278,0.000000,0.077065,0.000000,0.006794
884,1765350840.563185,0.000000,0.064024,0.000000,0.000000,0.000000,0.002971,0.000000,0.080505,0.000000,0.006716
885,1765350840.636157,0.000000,0.054026,0.000000,0.000000,0.000000,0.001737,0.000000,0.072379,0.000000,0.007336
886,1765350840.714965,0.000000,0.061012,0.000000,0.000000,0.000000,0.001853,0.000000,0.077193,0.000000,0.006751
887,1765350840.805720,0.000000,0.073255,0.000000,0.000000,0.000000,0.005374,0.000000,0.100588,0.000000,0.008825
888,1765350840.903898,0.000000,0.071260,0.000000,0.000000,0.000000,0.001695,0.000000,0.088046,0.000000,0.008542
889,1765350840.992643,0.000000,0.070075,0.000000,0.000000,0.000000,0.003120,0.000000,0.087151,0.000000,0.007011
890,1765350841.070195,0.000000,0.059518,0.000000,0.000000,0.000000,0.001627,0.000000,0.075688,0.000000,0.007717
891,1765350841.153102,0.000000,0.067037,0.000000,0.000000,0.000000,0.001691,0.000000,0.083312,0.000000,0.007655
892,1765350841.232430,0.000000,0.062472,0.000000,0.000000,0.000000,0.001883,0.000000,0.076432,0.000000,0.006257
893,1765350841.330071,0.000000,0.080397,0.000000,0.000000,0.000000,0.002807,0.000000,0.099379,0.000000,0.007292
894,1765350841.426159,0.000000,0.075678,0.000000,0.000000,0.000000,0.003813,0.000000,0.098544,0.000000,0.007741
895,1765350841.520827,0.000000,0.071847,0.000000,0.000000,0.000000,0.001844,0.000000,0.090347,0.000000,0.007987
896,1765350841.602039,0.000000,0.063368,0.000000,0.000000,0.000000,0.001376,0.000000,0.077967,0.000000,0.007523
897,1765350841.694187,0.000000,0.074967,0.000000,0.000000,0.000000,0.002573,0.000000,0.092877,0.000000,0.007005
898,1765350841.771843,0.000000,0.060181,0.000000,0.000000,0.000000,0.001601,0.000000,0.075676,0.000000,0.007219
899,1765350841.858840,0.000000,0.069863,0.000000,0.000000,0.000000,0.003145,0.000000,0.089141,0.000000,0.007222
900,1765350841.934755,0.000000,0.056607,0.000000,0.000000,0.000000,0.002561,0.000000,0.074733,0.000000,0.008153
901,1765350842.031357,0.000000,0.075374,0.000000,0.000000,0.000000,0.001888,0.000000,0.094207,0.000000,0.008201
902,1765350842.123147,0.000000,0.071968,0.000000,0.000000,0.000000,0.002051,0.000000,0.093323,0.000000,0.011820
903,1765350842.229017,0.000000,0.083713,0.000000,0.000000,0.000000,0.002733,0.000000,0.100984,0.000000,0.007198
904,1765350842.303803,0.000000,0.056269,0.000000,0.000000,0.000000,0.002061,0.000000,0.079927,0.000000,0.012689
905,1765350842.393235,0.000000,0.065121,0.000000,0.000000,0.000000,0.003704,0.000000,0.090536,0.000000,0.009161
906,1765350842.484859,0.000000,0.064897,0.000000,0.000000,0.000000,0.030232,0.000000,0.110402,0.000000,0.006487
907,1765350842.590233,0.000000,0.063787,0.000000,0.000000,0.000000,0.001596,0.000000,0.077023,0.000000,0.006630
908,1765350842.662244,0.000000,0.054413,0.000000,0.000000,0.000000,0.002030,0.000000,0.072100,0.000000,0.006480
909,1765350842.749215,0.000000,0.067744,0.000000,0.000000,0.000000,0.001672,0.000000,0.082304,0.000000,0.005780
910,1765350842.809124,0.000000,0.047419,0.000000,0.000000,0.000000,0.001787,0.000000,0.060875,0.000000,0.006486
911,1765350842.881074,0.000000,0.056677,0.000000,0.000000,0.000000,0.001924,0.000000,0.071492,0.000000,0.006777
912,1765350842.973833,0.000000,0.073968,0.000000,0.000000,0.000000,0.001799,0.000000,0.091711,0.000000,0.008364
913,1765350843.057906,0.000000,0.065034,0.000000,0.000000,0.000000,0.001746,0.000000,0.084063,0.000000,0.008192
914,1765350843.140034,0.000000,0.063271,0.000000,0.000000,0.000000,0.001564,0.000000,0.079286,0.000000,0.007017
915,1765350843.221598,0.000000,0.064454,0.000000,0.000000,0.000000,0.001787,0.000000,0.080791,0.000000,0.006918
916,1765350843.305817,0.000000,0.068456,0.000000,0.000000,0.000000,0.001535,0.000000,0.081965,0.000000,0.006601
917,1765350843.381947,0.000000,0.060982,0.000000,0.000000,0.000000,0.001834,0.000000,0.075046,0.000000,0.005139
918,1765350843.468556,0.000000,0.071652,0.000000,0.000000,0.000000,0.002062,0.000000,0.087948,0.000000,0.007224
919,1765350843.552750,0.000000,0.067578,0.000000,0.000000,0.000000,0.001939,0.000000,0.082596,0.000000,0.007154
920,1765350843.636248,0.000000,0.065266,0.000000,0.000000,0.000000,0.001776,0.000000,0.082552,0.000000,0.007298
921,1765350843.719389,0.000000,0.066000,0.000000,0.000000,0.000000,0.001829,0.000000,0.083075,0.000000,0.008378
922,1765350843.800445,0.000000,0.062866,0.000000,0.000000,0.000000,0.001689,0.000000,0.081001,0.000000,0.008401
923,1765350843.893046,0.000000,0.071733,0.000000,0.000000,0.000000,0.001745,0.000000,0.087361,0.000000,0.006662
924,1765350843.967095,0.000000,0.059608,0.000000,0.000000,0.000000,0.002297,0.000000,0.077633,0.000000,0.007889
925,1765350844.043468,0.000000,0.057706,0.000000,0.000000,0.000000,0.001798,0.000000,0.073871,0.000000,0.007222
926,1765350844.114682,0.000000,0.052756,0.000000,0.000000,0.000000,0.030544,0.000000,0.098403,0.000000,0.006511
927,1765350844.219419,0.000000,0.057693,0.000000,0.000000,0.000000,0.002221,0.000000,0.076205,0.000000,0.008310
928,1765350844.303415,0.000000,0.063447,0.000000,0.000000,0.000000,0.002027,0.000000,0.082121,0.000000,0.007445
929,1765350844.387755,0.000000,0.066306,0.000000,0.000000,0.000000,0.001908,0.000000,0.087232,0.000000,0.011052
930,1765350844.465584,0.000000,0.057642,0.000000,0.000000,0.000000,0.001865,0.000000,0.080013,0.000000,0.008130
931,1765350844.558536,0.000000,0.068064,0.000000,0.000000,0.000000,0.001808,0.000000,0.089347,0.000000,0.011050
932,1765350844.645799,0.000000,0.065527,0.000000,0.000000,0.000000,0.001778,0.000000,0.082249,0.000000,0.007489
933,1765350844.732025,0.000000,0.067910,0.000000,0.000000,0.000000,0.003839,0.000000,0.088881,0.000000,0.009075
934,1765350844.829417,0.000000,0.073990,0.000000,0.000000,0.000000,0.002096,0.000000,0.093604,0.000000,0.008646
935,1765350844.919779,0.000000,0.074476,0.000000,0.000000,0.000000,0.002364,0.000000,0.092929,0.000000,0.009199
936,1765350845.014421,0.000000,0.073415,0.000000,0.000000,0.000000,0.002000,0.000000,0.091047,0.000000,0.008105
937,1765350845.100453,0.000000,0.067216,0.000000,0.000000,0.000000,0.001838,0.000000,0.087206,0.000000,0.007756
938,1765350845.188115,0.000000,0.066035,0.000000,0.000000,0.000000,0.001325,0.000000,0.082039,0.000000,0.008925
939,1765350845.274253,0.000000,0.067602,0.000000,0.000000,0.000000,0.001808,0.000000,0.084844,0.000000,0.006861
940,1765350845.354913,0.000000,0.065738,0.000000,0.000000,0.000000,0.002499,0.000000,0.082526,0.000000,0.007943
941,1765350845.435122,0.000000,0.058763,0.000000,0.000000,0.000000,0.001800,0.000000,0.076211,0.000000,0.007558
942,1765350845.515257,0.000000,0.063350,0.000000,0.000000,0.000000,0.018038,0.000000,0.096424,0.000000,0.006759
943,1765350845.611237,0.000000,0.061673,0.000000,0.000000,0.000000,0.002432,0.000000,0.077533,0.000000,0.006836
944,1765350845.687059,0.000000,0.058649,0.000000,0.000000,0.000000,0.001732,0.000000,0.073641,0.000000,0.006503
945,1765350845.774666,0.000000,0.070687,0.000000,0.000000,0.000000,0.001630,0.000000,0.087355,0.000000,0.007726
946,1765350845.860531,0.000000,0.069601,0.000000,0.000000,0.000000,0.003106,0.000000,0.086381,0.000000,0.006755
947,1765350845.942472,0.000000,0.062568,0.000000,0.000000,0.000000,0.002724,0.000000,0.082470,0.000000,0.009417
948,1765350846.025048,0.000000,0.062777,0.000000,0.000000,0.000000,0.002305,0.000000,0.081814,0.000000,0.010012
949,1765350846.105208,0.000000,0.063213,0.000000,0.000000,0.000000,0.001754,0.000000,0.081156,0.000000,0.008720
950,1765350846.189045,0.000000,0.062074,0.000000,0.000000,0.000000,0.002091,0.000000,0.077830,0.000000,0.006560
951,1765350846.271590,0.000000,0.064231,0.000000,0.000000,0.000000,0.002163,0.000000,0.083779,0.000000,0.009213
952,1765350846.357592,0.000000,0.067294,0.000000,0.000000,0.000000,0.002036,0.000000,0.085948,0.000000,0.009108
953,1765350846.446104,0.000000,0.068224,0.000000,0.000000,0.000000,0.001626,0.000000,0.084433,0.000000,0.007337
954,1765350846.524633,0.000000,0.065025,0.000000,0.000000,0.000000,0.002251,0.000000,0.083857,0.000000,0.007216
955,1765350846.599281,0.000000,0.053877,0.000000,0.000000,0.000000,0.017477,0.000000,0.088936,0.000000,0.006421
956,1765350846.700924,0.000000,0.064983,0.000000,0.000000,0.000000,0.017857,0.000000,0.098992,0.000000,0.008348
957,1765350846.799145,0.000000,0.061711,0.000000,0.000000,0.000000,0.005116,0.000000,0.083304,0.000000,0.007124
958,1765350846.887429,0.000000,0.063958,0.000000,0.000000,0.000000,0.001614,0.000000,0.081007,0.000000,0.007389
959,1765350846.963430,0.000000,0.060776,0.000000,0.000000,0.000000,0.002381,0.000000,0.078649,0.000000,0.007320
960,1765350847.049392,0.000000,0.064052,0.000000,0.000000,0.000000,0.005229,0.000000,0.084057,0.000000,0.007930
961,1765350847.141342,0.000000,0.071205,0.000000,0.000000,0.000000,0.002518,0.000000,0.090706,0.000000,0.009664
962,1765350847.228641,0.000000,0.066404,0.000000,0.000000,0.000000,0.002354,0.000000,0.085042,0.000000,0.008441
963,1765350847.329733,0.000000,0.081363,0.000000,0.000000,0.000000,0.001783,0.000000,0.099032,0.000000,0.008735
964,1765350847.422409,0.000000,0.074019,0.000000,0.000000,0.000000,0.001801,0.000000,0.092079,0.000000,0.007984
965,1765350847.495326,0.000000,0.056440,0.000000,0.000000,0.000000,0.002417,0.000000,0.072683,0.000000,0.006396
966,1765350847.588327,0.000000,0.071870,0.000000,0.000000,0.000000,0.001971,0.000000,0.090445,0.000000,0.008287
967,1765350847.670394,0.000000,0.064354,0.000000,0.000000,0.000000,0.001670,0.000000,0.083491,0.000000,0.008132
968,1765350847.755496,0.000000,0.064650,0.000000,0.000000,0.000000,0.001987,0.000000,0.078611,0.000000,0.006773
969,1765350847.828342,0.000000,0.058309,0.000000,0.000000,0.000000,0.018106,0.000000,0.089735,0.000000,0.006783
970,1765350847.921321,0.000000,0.060193,0.000000,0.000000,0.000000,0.002926,0.000000,0.082968,0.000000,0.007112
971,1765350847.999812,0.000000,0.055309,0.000000,0.000000,0.000000,0.001996,0.000000,0.070742,0.000000,0.004871
972,1765350848.079732,0.000000,0.063652,0.000000,0.000000,0.000000,0.002617,0.000000,0.080134,0.000000,0.006446
973,1765350848.155149,0.000000,0.059736,0.000000,0.000000,0.000000,0.001585,0.000000,0.072763,0.000000,0.005352
974,1765350848.233788,0.000000,0.066019,0.000000,0.000000,0.000000,0.002873,0.000000,0.086667,0.000000,0.007961
975,1765350848.326728,0.000000,0.068524,0.000000,0.000000,0.000000,0.005082,0.000000,0.089670,0.000000,0.008179
976,1765350848.416033,0.000000,0.067275,0.000000,0.000000,0.000000,0.001543,0.000000,0.086715,0.000000,0.009563
977,1765350848.505354,0.000000,0.067582,0.000000,0.000000,0.000000,0.001735,0.000000,0.085423,0.000000,0.008761
978,1765350848.592116,0.000000,0.067256,0.000000,0.000000,0.000000,0.002275,0.000000,0.086565,0.000000,0.009006
979,1765350848.689154,0.000000,0.076734,0.000000,0.000000,0.000000,0.002381,0.000000,0.095705,0.000000,0.008739
980,1765350848.772124,0.000000,0.064037,0.000000,0.000000,0.000000,0.001990,0.000000,0.084906,0.000000,0.011730
981,1765350848.855537,0.000000,0.060545,0.000000,0.000000,0.000000,0.002104,0.000000,0.077623,0.000000,0.008439
982,1765350848.950135,0.000000,0.075392,0.000000,0.000000,0.000000,0.001742,0.000000,0.090088,0.000000,0.005025
983,1765350849.037117,0.000000,0.071566,0.000000,0.000000,0.000000,0.006715,0.000000,0.095298,0.000000,0.006709
984,1765350849.124899,0.000000,0.064611,0.000000,0.000000,0.000000,0.006557,0.000000,0.088763,0.000000,0.008314
985,1765350849.221822,0.000000,0.070490,0.000000,0.000000,0.000000,0.001594,0.000000,0.087948,0.000000,0.008672
986,1765350849.298352,0.000000,0.059385,0.000000,0.000000,0.000000,0.005482,0.000000,0.082151,0.000000,0.008593
987,1765350849.395485,0.000000,0.072885,0.000000,0.000000,0.000000,0.018795,0.000000,0.105582,0.000000,0.006539
988,1765350849.486236,0.000000,0.057684,0.000000,0.000000,0.000000,0.005738,0.000000,0.080358,0.000000,0.009551
989,1765350849.575438,0.000000,0.065604,0.000000,0.000000,0.000000,0.002100,0.000000,0.087708,0.000000,0.008095
990,1765350849.675314,0.000000,0.078437,0.000000,0.000000,0.000000,0.002173,0.000000,0.096161,0.000000,0.008019
991,1765350849.756040,0.000000,0.064447,0.000000,0.000000,0.000000,0.001963,0.000000,0.079220,0.000000,0.008063
992,1765350849.832219,0.000000,0.055309,0.000000,0.000000,0.000000,0.002301,0.000000,0.074496,0.000000,0.007912
993,1765350849.924455,0.000000,0.071086,0.000000,0.000000,0.000000,0.002850,0.000000,0.092060,0.000000,0.007920
994,1765350850.008151,0.000000,0.062135,0.000000,0.000000,0.000000,0.004710,0.000000,0.080223,0.000000,0.006817
995,1765350850.083552,0.000000,0.060397,0.000000,0.000000,0.000000,0.005536,0.000000,0.081053,0.000000,0.009084
996,1765350850.171710,0.000000,0.063507,0.000000,0.000000,0.000000,0.002492,0.000000,0.082254,0.000000,0.008418
997,1765350850.262934,0.000000,0.076833,0.000000,0.000000,0.000000,0.001409,0.000000,0.091774,0.000000,0.006157
998,1765350850.349587,0.000000,0.065557,0.000000,0.000000,0.000000,0.001527,0.000000,0.080189,0.000000,0.006363
999,1765350850.434243,0.000000,0.069185,0.000000,0.000000,0.000000,0.002909,0.000000,0.091117,0.000000,0.008603
1000,1765350850.535669,0.000000,0.078330,0.000000,0.000000,0.000000,0.004734,0.000000,0.098997,0.000000,0.006786
1001,1765350850.619669,0.000000,0.062896,0.000000,0.000000,0.000000,0.002109,0.000000,0.077653,0.000000,0.005676
1002,1765350850.696174,0.000000,0.061249,0.000000,0.000000,0.000000,0.002119,0.000000,0.077069,0.000000,0.007328
1003,1765350850.786527,0.000000,0.074076,0.000000,0.000000,0.000000,0.001682,0.000000,0.086502,0.000000,0.005182
1004,1765350850.868027,0.000000,0.067152,0.000000,0.000000,0.000000,0.002092,0.000000,0.082090,0.000000,0.005652
1005,1765350850.949295,0.000000,0.067477,0.000000,0.000000,0.000000,0.001643,0.000000,0.080216,0.000000,0.004746
1006,1765350851.035011,0.000000,0.071833,0.000000,0.000000,0.000000,0.002362,0.000000,0.093156,0.000000,0.011862
1007,1765350851.114107,0.000000,0.057670,0.000000,0.000000,0.000000,0.003023,0.000000,0.079606,0.000000,0.007078
1008,1765350851.198234,0.000000,0.060801,0.000000,0.000000,0.000000,0.004431,0.000000,0.077703,0.000000,0.006430
1009,1765350851.281842,0.000000,0.066515,0.000000,0.000000,0.000000,0.001976,0.000000,0.085604,0.000000,0.009077
1010,1765350851.376131,0.000000,0.070990,0.000000,0.000000,0.000000,0.002119,0.000000,0.093785,0.000000,0.008150
1011,1765350851.474661,0.000000,0.074829,0.000000,0.000000,0.000000,0.001967,0.000000,0.094582,0.000000,0.009166
1012,1765350851.557690,0.000000,0.064555,0.000000,0.000000,0.000000,0.005087,0.000000,0.082904,0.000000,0.008080
1013,1765350851.634120,0.000000,0.055097,0.000000,0.000000,0.000000,0.002675,0.000000,0.075446,0.000000,0.007738
1014,1765350851.719461,0.000000,0.065229,0.000000,0.000000,0.000000,0.004851,0.000000,0.080688,0.000000,0.004854
1015,1765350851.797323,0.000000,0.061648,0.000000,0.000000,0.000000,0.005423,0.000000,0.079399,0.000000,0.005664
1016,1765350851.886501,0.000000,0.069878,0.000000,0.000000,0.000000,0.004369,0.000000,0.087438,0.000000,0.006941
1017,1765350851.964755,0.000000,0.060305,0.000000,0.000000,0.000000,0.005537,0.000000,0.078565,0.000000,0.005702
1018,1765350852.062999,0.000000,0.078419,0.000000,0.000000,0.000000,0.001954,0.000000,0.093817,0.000000,0.006218
1019,1765350852.131925,0.000000,0.053348,0.000000,0.000000,0.000000,0.005964,0.000000,0.072155,0.000000,0.005026
1020,1765350852.221956,0.000000,0.072971,0.000000,0.000000,0.000000,0.017561,0.000000,0.103184,0.000000,0.007002
1021,1765350852.318131,0.000000,0.061784,0.000000,0.000000,0.000000,0.002078,0.000000,0.077014,0.000000,0.006666
1022,1765350852.398683,0.000000,0.064733,0.000000,0.000000,0.000000,0.004623,0.000000,0.083987,0.000000,0.006925
1023,1765350852.481871,0.000000,0.064548,0.000000,0.000000,0.000000,0.001255,0.000000,0.077423,0.000000,0.005025
1024,1765350852.545046,0.000000,0.052087,0.000000,0.000000,0.000000,0.002720,0.000000,0.067250,0.000000,0.006587
1025,1765350852.618669,0.000000,0.056088,0.000000,0.000000,0.000000,0.001619,0.000000,0.069402,0.000000,0.004865
1026,1765350852.696926,0.000000,0.063344,0.000000,0.000000,0.000000,0.018716,0.000000,0.094654,0.000000,0.005754
1027,1765350852.781167,0.000000,0.051101,0.000000,0.000000,0.000000,0.002120,0.000000,0.066787,0.000000,0.006103
1028,1765350852.846713,0.000000,0.050484,0.000000,0.000000,0.000000,0.004829,0.000000,0.068385,0.000000,0.005363
1029,1765350852.928858,0.000000,0.062944,0.000000,0.000000,0.000000,0.004915,0.000000,0.080738,0.000000,0.005829
1030,1765350852.992018,0.000000,0.045616,0.000000,0.000000,0.000000,0.002691,0.000000,0.062064,0.000000,0.006806
1031,1765350853.061313,0.000000,0.051270,0.000000,0.000000,0.000000,0.018022,0.000000,0.080949,0.000000,0.006747
1032,1765350853.140383,0.000000,0.048996,0.000000,0.000000,0.000000,0.019097,0.000000,0.081921,0.000000,0.005885
1033,1765350853.236740,0.000000,0.061599,0.000000,0.000000,0.000000,0.004795,0.000000,0.079120,0.000000,0.006192
1034,1765350853.313596,0.000000,0.059175,0.000000,0.000000,0.000000,0.002379,0.000000,0.075135,0.000000,0.004884
1035,1765350853.378260,0.000000,0.047367,0.000000,0.000000,0.000000,0.002206,0.000000,0.061789,0.000000,0.005782
1036,1765350853.442597,0.000000,0.049945,0.000000,0.000000,0.000000,0.001620,0.000000,0.063452,0.000000,0.006256
1037,1765350853.510691,0.000000,0.053954,0.000000,0.000000,0.000000,0.002334,0.000000,0.069141,0.000000,0.006861
1038,1765350853.578179,0.000000,0.050514,0.000000,0.000000,0.000000,0.005677,0.000000,0.068668,0.000000,0.006484
1039,1765350853.644397,0.000000,0.047931,0.000000,0.000000,0.000000,0.030386,0.000000,0.091025,0.000000,0.006779
1040,1765350853.744554,0.000000,0.055310,0.000000,0.000000,0.000000,0.017662,0.000000,0.084578,0.000000,0.005909
1041,1765350853.827299,0.000000,0.057769,0.000000,0.000000,0.000000,0.002077,0.000000,0.072647,0.000000,0.007328
1042,1765350853.892967,0.000000,0.045491,0.000000,0.000000,0.000000,0.001849,0.000000,0.060479,0.000000,0.006938
1043,1765350853.960684,0.000000,0.052645,0.000000,0.000000,0.000000,0.005345,0.000000,0.069158,0.000000,0.005103
1044,1765350854.029381,0.000000,0.050884,0.000000,0.000000,0.000000,0.002118,0.000000,0.064345,0.000000,0.005507
1045,1765350854.098636,0.000000,0.054461,0.000000,0.000000,0.000000,0.005230,0.000000,0.071899,0.000000,0.005575
1046,1765350854.179401,0.000000,0.062245,0.000000,0.000000,0.000000,0.001534,0.000000,0.080284,0.000000,0.005083
1047,1765350854.246683,0.000000,0.051755,0.000000,0.000000,0.000000,0.017602,0.000000,0.082762,0.000000,0.006310
1048,1765350854.327977,0.000000,0.048126,0.000000,0.000000,0.000000,0.004916,0.000000,0.066095,0.000000,0.006408
1049,1765350854.393955,0.000000,0.047259,0.000000,0.000000,0.000000,0.017892,0.000000,0.078261,0.000000,0.007189
1050,1765350854.475948,0.000000,0.051023,0.000000,0.000000,0.000000,0.001451,0.000000,0.065185,0.000000,0.007573
1051,1765350854.542002,0.000000,0.052074,0.000000,0.000000,0.000000,0.004624,0.000000,0.068165,0.000000,0.007020
1052,1765350854.612260,0.000000,0.050695,0.000000,0.000000,0.000000,0.018043,0.000000,0.080150,0.000000,0.005113
1053,1765350854.692034,0.000000,0.053422,0.000000,0.000000,0.000000,0.018057,0.000000,0.084911,0.000000,0.006348
1054,1765350854.776670,0.000000,0.049499,0.000000,0.000000,0.000000,0.004856,0.000000,0.066845,0.000000,0.006734
1055,1765350854.841840,0.000000,0.048572,0.000000,0.000000,0.000000,0.001624,0.000000,0.061797,0.000000,0.005806
1056,1765350854.905026,0.000000,0.049221,0.000000,0.000000,0.000000,0.016943,0.000000,0.076900,0.000000,0.006306
1057,1765350854.994611,0.000000,0.060134,0.000000,0.000000,0.000000,0.002000,0.000000,0.073023,0.000000,0.006128
1058,1765350855.059733,0.000000,0.053129,0.000000,0.000000,0.000000,0.005159,0.000000,0.068450,0.000000,0.005363
1059,1765350855.127883,0.000000,0.051347,0.000000,0.000000,0.000000,0.001534,0.000000,0.063561,0.000000,0.006408
1060,1765350855.192105,0.000000,0.054409,0.000000,0.000000,0.000000,0.003019,0.000000,0.068321,0.000000,0.006217
1061,1765350855.261024,0.000000,0.051001,0.000000,0.000000,0.000000,0.029860,0.000000,0.089777,0.000000,0.004469
1062,1765350855.355828,0.000000,0.057174,0.000000,0.000000,0.000000,0.004530,0.000000,0.072666,0.000000,0.006346
1063,1765350855.429215,0.000000,0.054465,0.000000,0.000000,0.000000,0.017741,0.000000,0.085893,0.000000,0.006858
1064,1765350855.505114,0.000000,0.042630,0.000000,0.000000,0.000000,0.004653,0.000000,0.060668,0.000000,0.006316
1065,1765350855.577017,0.000000,0.056861,0.000000,0.000000,0.000000,0.005871,0.000000,0.073633,0.000000,0.005818
1066,1765350855.636890,0.000000,0.039154,0.000000,0.000000,0.000000,0.005042,0.000000,0.056741,0.000000,0.007274
1067,1765350855.708657,0.000000,0.053659,0.000000,0.000000,0.000000,0.001735,0.000000,0.066680,0.000000,0.006873
1068,1765350855.775964,0.000000,0.053789,0.000000,0.000000,0.000000,0.001600,0.000000,0.067501,0.000000,0.006403
1069,1765350855.842787,0.000000,0.051335,0.000000,0.000000,0.000000,0.001324,0.000000,0.064822,0.000000,0.006662
1070,1765350855.910483,0.000000,0.054558,0.000000,0.000000,0.000000,0.001411,0.000000,0.067184,0.000000,0.006176
1071,1765350855.973963,0.000000,0.053573,0.000000,0.000000,0.000000,0.001881,0.000000,0.066354,0.000000,0.005701
1072,1765350856.044145,0.000000,0.051578,0.000000,0.000000,0.000000,0.001397,0.000000,0.065640,0.000000,0.007089
1073,1765350856.105393,0.000000,0.051390,0.000000,0.000000,0.000000,0.001723,0.000000,0.066543,0.000000,0.007099
1074,1765350856.175798,0.000000,0.049619,0.000000,0.000000,0.000000,0.017181,0.000000,0.077913,0.000000,0.006184
1075,1765350856.251956,0.000000,0.051012,0.000000,0.000000,0.000000,0.004844,0.000000,0.068558,0.000000,0.006361
1076,1765350856.324820,0.000000,0.052807,0.000000,0.000000,0.000000,0.001412,0.000000,0.066340,0.000000,0.006262
1077,1765350856.394189,0.000000,0.053357,0.000000,0.000000,0.000000,0.001652,0.000000,0.066101,0.000000,0.006198
1078,1765350856.461317,0.000000,0.052811,0.000000,0.000000,0.000000,0.004867,0.000000,0.069381,0.000000,0.005621
1079,1765350856.526576,0.000000,0.048753,0.000000,0.000000,0.000000,0.004253,0.000000,0.065358,0.000000,0.006929
1080,1765350856.593150,0.000000,0.049542,0.000000,0.000000,0.000000,0.001546,0.000000,0.063579,0.000000,0.006120
1081,1765350856.658462,0.000000,0.053541,0.000000,0.000000,0.000000,0.001625,0.000000,0.065493,0.000000,0.005769
1082,1765350856.732625,0.000000,0.058147,0.000000,0.000000,0.000000,0.004512,0.000000,0.074736,0.000000,0.005243
1083,1765350856.809717,0.000000,0.060573,0.000000,0.000000,0.000000,0.017084,0.000000,0.089064,0.000000,0.006495
1084,1765350856.894454,0.000000,0.055156,0.000000,0.000000,0.000000,0.017241,0.000000,0.098985,0.000000,0.021579
1085,1765350856.989008,0.000000,0.052477,0.000000,0.000000,0.000000,0.001455,0.000000,0.064781,0.000000,0.006235
1086,1765350857.060994,0.000000,0.056578,0.000000,0.000000,0.000000,0.001787,0.000000,0.070310,0.000000,0.006393
1087,1765350857.124923,0.000000,0.052330,0.000000,0.000000,0.000000,0.001356,0.000000,0.065257,0.000000,0.006854
1088,1765350857.194658,0.000000,0.053651,0.000000,0.000000,0.000000,0.001615,0.000000,0.066690,0.000000,0.005422
1089,1765350857.258170,0.000000,0.049198,0.000000,0.000000,0.000000,0.002072,0.000000,0.064401,0.000000,0.006952
1090,1765350857.323412,0.000000,0.053287,0.000000,0.000000,0.000000,0.001472,0.000000,0.066367,0.000000,0.007281
1091,1765350857.392027,0.000000,0.054353,0.000000,0.000000,0.000000,0.005421,0.000000,0.071880,0.000000,0.004751
1092,1765350857.459278,0.000000,0.046938,0.000000,0.000000,0.000000,0.001313,0.000000,0.058393,0.000000,0.005975
1093,1765350857.529677,0.000000,0.056847,0.000000,0.000000,0.000000,0.002168,0.000000,0.071114,0.000000,0.006231
1094,1765350857.592648,0.000000,0.048699,0.000000,0.000000,0.000000,0.001395,0.000000,0.061592,0.000000,0.007150
1095,1765350857.661132,0.000000,0.055111,0.000000,0.000000,0.000000,0.001648,0.000000,0.068182,0.000000,0.006364
1096,1765350857.727462,0.000000,0.052324,0.000000,0.000000,0.000000,0.004433,0.000000,0.068207,0.000000,0.006948
1097,1765350857.792618,0.000000,0.048560,0.000000,0.000000,0.000000,0.004932,0.000000,0.064272,0.000000,0.005982
1098,1765350857.871818,0.000000,0.061394,0.000000,0.000000,0.000000,0.002226,0.000000,0.078892,0.000000,0.007880
1099,1765350857.958776,0.000000,0.071039,0.000000,0.000000,0.000000,0.005471,0.000000,0.090411,0.000000,0.006280
1100,1765350858.050686,0.000000,0.068865,0.000000,0.000000,0.000000,0.004497,0.000000,0.087152,0.000000,0.005186
1101,1765350858.133382,0.000000,0.064323,0.000000,0.000000,0.000000,0.001815,0.000000,0.080142,0.000000,0.006854
1102,1765350858.218161,0.000000,0.067630,0.000000,0.000000,0.000000,0.002048,0.000000,0.083011,0.000000,0.006305
1103,1765350858.297829,0.000000,0.064641,0.000000,0.000000,0.000000,0.002678,0.000000,0.081168,0.000000,0.007681
1104,1765350858.384974,0.000000,0.071020,0.000000,0.000000,0.000000,0.004691,0.000000,0.089886,0.000000,0.006366
1105,1765350858.467763,0.000000,0.062722,0.000000,0.000000,0.000000,0.004566,0.000000,0.078953,0.000000,0.005222
1106,1765350858.546118,0.000000,0.061426,0.000000,0.000000,0.000000,0.002447,0.000000,0.076986,0.000000,0.006299
1107,1765350858.613494,0.000000,0.049056,0.000000,0.000000,0.000000,0.005465,0.000000,0.067693,0.000000,0.005165
1108,1765350858.702116,0.000000,0.070580,0.000000,0.000000,0.000000,0.005777,0.000000,0.094534,0.000000,0.008290
1109,1765350858.792224,0.000000,0.064299,0.000000,0.000000,0.000000,0.004940,0.000000,0.083928,0.000000,0.007289
1110,1765350858.868463,0.000000,0.058579,0.000000,0.000000,0.000000,0.017078,0.000000,0.088200,0.000000,0.006578
1111,1765350858.963699,0.000000,0.064961,0.000000,0.000000,0.000000,0.005983,0.000000,0.083463,0.000000,0.005726
1112,1765350859.054758,0.000000,0.069214,0.000000,0.000000,0.000000,0.001819,0.000000,0.083541,0.000000,0.005434
1113,1765350859.132100,0.000000,0.064242,0.000000,0.000000,0.000000,0.004459,0.000000,0.081111,0.000000,0.005506
1114,1765350859.214260,0.000000,0.064806,0.000000,0.000000,0.000000,0.029778,0.000000,0.108712,0.000000,0.006231
1115,1765350859.322002,0.000000,0.061511,0.000000,0.000000,0.000000,0.018127,0.000000,0.095024,0.000000,0.007856
1116,1765350859.416045,0.000000,0.059828,0.000000,0.000000,0.000000,0.004692,0.000000,0.080389,0.000000,0.006349
1117,1765350859.496333,0.000000,0.058552,0.000000,0.000000,0.000000,0.001841,0.000000,0.073707,0.000000,0.006280
1118,1765350859.563319,0.000000,0.050462,0.000000,0.000000,0.000000,0.005411,0.000000,0.070985,0.000000,0.007628
1119,1765350859.648496,0.000000,0.064616,0.000000,0.000000,0.000000,0.001395,0.000000,0.079782,0.000000,0.004822
1120,1765350859.733096,0.000000,0.068249,0.000000,0.000000,0.000000,0.002173,0.000000,0.083471,0.000000,0.005532
1121,1765350859.817320,0.000000,0.068118,0.000000,0.000000,0.000000,0.005063,0.000000,0.088880,0.000000,0.006551
1122,1765350859.898234,0.000000,0.058766,0.000000,0.000000,0.000000,0.002258,0.000000,0.075883,0.000000,0.007446
1123,1765350859.983327,0.000000,0.069523,0.000000,0.000000,0.000000,0.001747,0.000000,0.084250,0.000000,0.006057
1124,1765350860.061980,0.000000,0.061725,0.000000,0.000000,0.000000,0.001544,0.000000,0.077347,0.000000,0.006956
1125,1765350860.139077,0.000000,0.060065,0.000000,0.000000,0.000000,0.004724,0.000000,0.079479,0.000000,0.007663
1126,1765350860.221846,0.000000,0.064177,0.000000,0.000000,0.000000,0.005176,0.000000,0.085166,0.000000,0.008946
1127,1765350860.294669,0.000000,0.051973,0.000000,0.000000,0.000000,0.001753,0.000000,0.066169,0.000000,0.007028
1128,1765350860.372240,0.000000,0.060054,0.000000,0.000000,0.000000,0.002414,0.000000,0.079292,0.000000,0.008010
1129,1765350860.454564,0.000000,0.061469,0.000000,0.000000,0.000000,0.001402,0.000000,0.076193,0.000000,0.007268
1130,1765350860.534663,0.000000,0.066418,0.000000,0.000000,0.000000,0.017175,0.000000,0.095762,0.000000,0.006421
1131,1765350860.633296,0.000000,0.066885,0.000000,0.000000,0.000000,0.017197,0.000000,0.097857,0.000000,0.006508
1132,1765350860.731097,0.000000,0.066122,0.000000,0.000000,0.000000,0.030181,0.000000,0.108983,0.000000,0.006575
1133,1765350860.827818,0.000000,0.054339,0.000000,0.000000,0.000000,0.017663,0.000000,0.082591,0.000000,0.005950
1134,1765350860.913285,0.000000,0.056684,0.000000,0.000000,0.000000,0.005093,0.000000,0.076243,0.000000,0.006172
1135,1765350860.998550,0.000000,0.063909,0.000000,0.000000,0.000000,0.004500,0.000000,0.081637,0.000000,0.006259
1136,1765350861.077481,0.000000,0.061594,0.000000,0.000000,0.000000,0.004878,0.000000,0.077696,0.000000,0.005566
1137,1765350861.144507,0.000000,0.052297,0.000000,0.000000,0.000000,0.002768,0.000000,0.066941,0.000000,0.006673
1138,1765350861.213742,0.000000,0.051637,0.000000,0.000000,0.000000,0.018543,0.000000,0.082373,0.000000,0.005203
1139,1765350861.294527,0.000000,0.048399,0.000000,0.000000,0.000000,0.004816,0.000000,0.063114,0.000000,0.005183
1140,1765350861.361731,0.000000,0.051862,0.000000,0.000000,0.000000,0.004556,0.000000,0.069982,0.000000,0.008024
1141,1765350861.432860,0.000000,0.052400,0.000000,0.000000,0.000000,0.002127,0.000000,0.070048,0.000000,0.008462
1142,1765350861.516262,0.000000,0.063962,0.000000,0.000000,0.000000,0.004624,0.000000,0.088921,0.000000,0.011895
1143,1765350861.598406,0.000000,0.057811,0.000000,0.000000,0.000000,0.005295,0.000000,0.075130,0.000000,0.005072
1144,1765350861.679705,0.000000,0.063462,0.000000,0.000000,0.000000,0.005561,0.000000,0.080983,0.000000,0.005573
1145,1765350861.762056,0.000000,0.063600,0.000000,0.000000,0.000000,0.005305,0.000000,0.081065,0.000000,0.005941
1146,1765350861.828419,0.000000,0.047420,0.000000,0.000000,0.000000,0.017554,0.000000,0.077127,0.000000,0.006729
1147,1765350861.910565,0.000000,0.052503,0.000000,0.000000,0.000000,0.002131,0.000000,0.069091,0.000000,0.006578
1148,1765350861.979959,0.000000,0.051864,0.000000,0.000000,0.000000,0.001798,0.000000,0.067211,0.000000,0.007415
1149,1765350862.050193,0.000000,0.054631,0.000000,0.000000,0.000000,0.017135,0.000000,0.084478,0.000000,0.006364
1150,1765350862.132108,0.000000,0.051391,0.000000,0.000000,0.000000,0.005069,0.000000,0.069804,0.000000,0.006360
1151,1765350862.215852,0.000000,0.064052,0.000000,0.000000,0.000000,0.004908,0.000000,0.080869,0.000000,0.004513
1152,1765350862.294118,0.000000,0.061871,0.000000,0.000000,0.000000,0.001804,0.000000,0.074019,0.000000,0.005723
1153,1765350862.362046,0.000000,0.054764,0.000000,0.000000,0.000000,0.002263,0.000000,0.067946,0.000000,0.006198
1154,1765350862.434200,0.000000,0.056068,0.000000,0.000000,0.000000,0.003211,0.000000,0.077600,0.000000,0.008360
1155,1765350862.517694,0.000000,0.061032,0.000000,0.000000,0.000000,0.004813,0.000000,0.078834,0.000000,0.005314
1156,1765350862.598628,0.000000,0.063770,0.000000,0.000000,0.000000,0.001733,0.000000,0.079226,0.000000,0.006785
1157,1765350862.681061,0.000000,0.065375,0.000000,0.000000,0.000000,0.006315,0.000000,0.084434,0.000000,0.005383
1158,1765350862.764218,0.000000,0.063226,0.000000,0.000000,0.000000,0.005421,0.000000,0.083567,0.000000,0.008083
1159,1765350862.849825,0.000000,0.064396,0.000000,0.000000,0.000000,0.001790,0.000000,0.079772,0.000000,0.008246
1160,1765350862.928967,0.000000,0.063569,0.000000,0.000000,0.000000,0.002100,0.000000,0.078684,0.000000,0.005975
1161,1765350862.998399,0.000000,0.052679,0.000000,0.000000,0.000000,0.002247,0.000000,0.068624,0.000000,0.006600
1162,1765350863.064059,0.000000,0.049168,0.000000,0.000000,0.000000,0.004807,0.000000,0.067650,0.000000,0.006237
1163,1765350863.146884,0.000000,0.064725,0.000000,0.000000,0.000000,0.002096,0.000000,0.079313,0.000000,0.006559
1164,1765350863.216175,0.000000,0.053253,0.000000,0.000000,0.000000,0.002195,0.000000,0.068785,0.000000,0.006243
1165,1765350863.299953,0.000000,0.068175,0.000000,0.000000,0.000000,0.001599,0.000000,0.082933,0.000000,0.005659
1166,1765350863.378675,0.000000,0.063185,0.000000,0.000000,0.000000,0.002126,0.000000,0.077331,0.000000,0.005304
1167,1765350863.444105,0.000000,0.050597,0.000000,0.000000,0.000000,0.001878,0.000000,0.065276,0.000000,0.006927
1168,1765350863.514643,0.000000,0.056509,0.000000,0.000000,0.000000,0.002208,0.000000,0.072750,0.000000,0.006134
1169,1765350863.597083,0.000000,0.065877,0.000000,0.000000,0.000000,0.001814,0.000000,0.080020,0.000000,0.005677
1170,1765350863.667478,0.000000,0.053170,0.000000,0.000000,0.000000,0.001476,0.000000,0.067963,0.000000,0.005616
1171,1765350863.744262,0.000000,0.061973,0.000000,0.000000,0.000000,0.005521,0.000000,0.079048,0.000000,0.005439
1172,1765350863.811976,0.000000,0.052570,0.000000,0.000000,0.000000,0.002447,0.000000,0.067322,0.000000,0.006460
1173,1765350863.878618,0.000000,0.049668,0.000000,0.000000,0.000000,0.002487,0.000000,0.062946,0.000000,0.005587
1174,1765350863.945168,0.000000,0.052058,0.000000,0.000000,0.000000,0.018081,0.000000,0.082653,0.000000,0.006432
1175,1765350864.029633,0.000000,0.053212,0.000000,0.000000,0.000000,0.002091,0.000000,0.067351,0.000000,0.006643
1176,1765350864.098286,0.000000,0.052834,0.000000,0.000000,0.000000,0.002096,0.000000,0.068465,0.000000,0.006390
1177,1765350864.161981,0.000000,0.049026,0.000000,0.000000,0.000000,0.001921,0.000000,0.063575,0.000000,0.005707
1178,1765350864.232286,0.000000,0.053406,0.000000,0.000000,0.000000,0.001778,0.000000,0.068346,0.000000,0.005170
1179,1765350864.298509,0.000000,0.051140,0.000000,0.000000,0.000000,0.017737,0.000000,0.081679,0.000000,0.005775
1180,1765350864.378100,0.000000,0.049358,0.000000,0.000000,0.000000,0.002237,0.000000,0.064833,0.000000,0.006199
1181,1765350864.448419,0.000000,0.054270,0.000000,0.000000,0.000000,0.005716,0.000000,0.072300,0.000000,0.005932
1182,1765350864.532229,0.000000,0.064726,0.000000,0.000000,0.000000,0.004602,0.000000,0.083946,0.000000,0.006413
1183,1765350864.614601,0.000000,0.062862,0.000000,0.000000,0.000000,0.017401,0.000000,0.092578,0.000000,0.005994
1184,1765350864.701854,0.000000,0.055363,0.000000,0.000000,0.000000,0.017438,0.000000,0.087192,0.000000,0.006125
1185,1765350864.792718,0.000000,0.059592,0.000000,0.000000,0.000000,0.004726,0.000000,0.076418,0.000000,0.007250
1186,1765350864.864273,0.000000,0.053731,0.000000,0.000000,0.000000,0.005047,0.000000,0.071729,0.000000,0.006212
1187,1765350864.944403,0.000000,0.061957,0.000000,0.000000,0.000000,0.001868,0.000000,0.076441,0.000000,0.005675
1188,1765350865.008967,0.000000,0.051276,0.000000,0.000000,0.000000,0.001100,0.000000,0.062860,0.000000,0.006078
1189,1765350865.078558,0.000000,0.057233,0.000000,0.000000,0.000000,0.002237,0.000000,0.072918,0.000000,0.006671
1190,1765350865.145146,0.000000,0.049069,0.000000,0.000000,0.000000,0.004788,0.000000,0.065777,0.000000,0.007211
1191,1765350865.213595,0.000000,0.049335,0.000000,0.000000,0.000000,0.005823,0.000000,0.068022,0.000000,0.005836
1192,1765350865.296065,0.000000,0.064564,0.000000,0.000000,0.000000,0.004859,0.000000,0.080971,0.000000,0.006037
1193,1765350865.362892,0.000000,0.049280,0.000000,0.000000,0.000000,0.004417,0.000000,0.065653,0.000000,0.006321
1194,1765350865.428558,0.000000,0.047973,0.000000,0.000000,0.000000,0.004804,0.000000,0.063159,0.000000,0.005498
1195,1765350865.495179,0.000000,0.050722,0.000000,0.000000,0.000000,0.004936,0.000000,0.066638,0.000000,0.006345
1196,1765350865.563954,0.000000,0.051837,0.000000,0.000000,0.000000,0.031264,0.000000,0.095350,0.000000,0.006444
1197,1765350865.663878,0.000000,0.056712,0.000000,0.000000,0.000000,0.001736,0.000000,0.071451,0.000000,0.005245
1198,1765350865.729610,0.000000,0.050851,0.000000,0.000000,0.000000,0.001945,0.000000,0.064313,0.000000,0.005574
1199,1765350865.795289,0.000000,0.051043,0.000000,0.000000,0.000000,0.001753,0.000000,0.064685,0.000000,0.006536
1200,1765350865.860656,0.000000,0.051640,0.000000,0.000000,0.000000,0.001442,0.000000,0.063749,0.000000,0.006110
1201,1765350865.927051,0.000000,0.052371,0.000000,0.000000,0.000000,0.004772,0.000000,0.069096,0.000000,0.006102
1202,1765350865.995633,0.000000,0.051572,0.000000,0.000000,0.000000,0.004821,0.000000,0.065814,0.000000,0.004817
1203,1765350866.064031,0.000000,0.053417,0.000000,0.000000,0.000000,0.001873,0.000000,0.067034,0.000000,0.006341
1204,1765350866.126435,0.000000,0.050533,0.000000,0.000000,0.000000,0.001728,0.000000,0.063058,0.000000,0.005768
1205,1765350866.192614,0.000000,0.050134,0.000000,0.000000,0.000000,0.001765,0.000000,0.064292,0.000000,0.006379
1206,1765350866.258250,0.000000,0.051589,0.000000,0.000000,0.000000,0.001423,0.000000,0.063416,0.000000,0.005883
1207,1765350866.326431,0.000000,0.055215,0.000000,0.000000,0.000000,0.001192,0.000000,0.067707,0.000000,0.006515
1208,1765350866.398114,0.000000,0.058096,0.000000,0.000000,0.000000,0.001809,0.000000,0.073668,0.000000,0.006406
1209,1765350866.462905,0.000000,0.049535,0.000000,0.000000,0.000000,0.002913,0.000000,0.064261,0.000000,0.005235
1210,1765350866.528627,0.000000,0.049532,0.000000,0.000000,0.000000,0.004992,0.000000,0.065786,0.000000,0.006348
1211,1765350866.593184,0.000000,0.050049,0.000000,0.000000,0.000000,0.001958,0.000000,0.062775,0.000000,0.005770
1212,1765350866.663570,0.000000,0.053524,0.000000,0.000000,0.000000,0.001851,0.000000,0.067632,0.000000,0.005402
1213,1765350866.729914,0.000000,0.053139,0.000000,0.000000,0.000000,0.002124,0.000000,0.067838,0.000000,0.005501
1214,1765350866.792300,0.000000,0.046151,0.000000,0.000000,0.000000,0.001625,0.000000,0.061031,0.000000,0.006802
1215,1765350866.858121,0.000000,0.050298,0.000000,0.000000,0.000000,0.004766,0.000000,0.065912,0.000000,0.005895
1216,1765350866.929795,0.000000,0.055108,0.000000,0.000000,0.000000,0.005153,0.000000,0.072724,0.000000,0.005822
1217,1765350866.996912,0.000000,0.050327,0.000000,0.000000,0.000000,0.005404,0.000000,0.068100,0.000000,0.004898
1218,1765350867.078105,0.000000,0.061430,0.000000,0.000000,0.000000,0.004802,0.000000,0.079021,0.000000,0.006883
1219,1765350867.144313,0.000000,0.048385,0.000000,0.000000,0.000000,0.001443,0.000000,0.062260,0.000000,0.006186
1220,1765350867.207815,0.000000,0.050656,0.000000,0.000000,0.000000,0.001323,0.000000,0.063344,0.000000,0.005645
1221,1765350867.278860,0.000000,0.056003,0.000000,0.000000,0.000000,0.005026,0.000000,0.073730,0.000000,0.006858
1222,1765350867.341953,0.000000,0.046105,0.000000,0.000000,0.000000,0.001203,0.000000,0.059167,0.000000,0.006576
1223,1765350867.412184,0.000000,0.055727,0.000000,0.000000,0.000000,0.001674,0.000000,0.069971,0.000000,0.005946
1224,1765350867.481226,0.000000,0.053516,0.000000,0.000000,0.000000,0.001693,0.000000,0.067480,0.000000,0.006407
1225,1765350867.546679,0.000000,0.049481,0.000000,0.000000,0.000000,0.003284,0.000000,0.065993,0.000000,0.006861
1226,1765350867.612230,0.000000,0.048566,0.000000,0.000000,0.000000,0.001743,0.000000,0.061515,0.000000,0.005563
1227,1765350867.678118,0.000000,0.053014,0.000000,0.000000,0.000000,0.001720,0.000000,0.066632,0.000000,0.005453
1228,1765350867.744353,0.000000,0.051306,0.000000,0.000000,0.000000,0.001961,0.000000,0.065511,0.000000,0.006343
1229,1765350867.810154,0.000000,0.052682,0.000000,0.000000,0.000000,0.001934,0.000000,0.064782,0.000000,0.005400
1230,1765350867.877720,0.000000,0.052651,0.000000,0.000000,0.000000,0.001610,0.000000,0.067429,0.000000,0.006920
1231,1765350867.944677,0.000000,0.052940,0.000000,0.000000,0.000000,0.001618,0.000000,0.066950,0.000000,0.006666
1232,1765350868.006127,0.000000,0.046333,0.000000,0.000000,0.000000,0.001233,0.000000,0.060798,0.000000,0.007241
1233,1765350868.076579,0.000000,0.055090,0.000000,0.000000,0.000000,0.002379,0.000000,0.073373,0.000000,0.008766
1234,1765350868.140110,0.000000,0.044571,0.000000,0.000000,0.000000,0.001336,0.000000,0.057218,0.000000,0.005870
1235,1765350868.217219,0.000000,0.063680,0.000000,0.000000,0.000000,0.001363,0.000000,0.078977,0.000000,0.006285
1236,1765350868.302722,0.000000,0.067353,0.000000,0.000000,0.000000,0.002316,0.000000,0.087273,0.000000,0.007409
1237,1765350868.381508,0.000000,0.059643,0.000000,0.000000,0.000000,0.002053,0.000000,0.076768,0.000000,0.007961
1238,1765350868.464278,0.000000,0.065074,0.000000,0.000000,0.000000,0.005085,0.000000,0.080650,0.000000,0.004967
1239,1765350868.539101,0.000000,0.057741,0.000000,0.000000,0.000000,0.001706,0.000000,0.073285,0.000000,0.006555
1240,1765350868.621983,0.000000,0.065768,0.000000,0.000000,0.000000,0.001913,0.000000,0.081659,0.000000,0.006455
1241,1765350868.697301,0.000000,0.059408,0.000000,0.000000,0.000000,0.001874,0.000000,0.075586,0.000000,0.008073
1242,1765350868.764303,0.000000,0.049044,0.000000,0.000000,0.000000,0.005145,0.000000,0.069164,0.000000,0.007602
1243,1765350868.850089,0.000000,0.065753,0.000000,0.000000,0.000000,0.005025,0.000000,0.084326,0.000000,0.004875
1244,1765350868.937992,0.000000,0.068182,0.000000,0.000000,0.000000,0.030312,0.000000,0.111970,0.000000,0.007351
1245,1765350869.052175,0.000000,0.067994,0.000000,0.000000,0.000000,0.030019,0.000000,0.115505,0.000000,0.006428
1246,1765350869.165794,0.000000,0.067394,0.000000,0.000000,0.000000,0.005270,0.000000,0.086602,0.000000,0.007407
1247,1765350869.256537,0.000000,0.068862,0.000000,0.000000,0.000000,0.001667,0.000000,0.083333,0.000000,0.006069
1248,1765350869.336573,0.000000,0.065406,0.000000,0.000000,0.000000,0.004604,0.000000,0.083127,0.000000,0.006196
1249,1765350869.420186,0.000000,0.064904,0.000000,0.000000,0.000000,0.004723,0.000000,0.083169,0.000000,0.006401
1250,1765350869.499749,0.000000,0.060225,0.000000,0.000000,0.000000,0.018104,0.000000,0.091687,0.000000,0.006726
1251,1765350869.586683,0.000000,0.053826,0.000000,0.000000,0.000000,0.004842,0.000000,0.074086,0.000000,0.007630
1252,1765350869.674628,0.000000,0.067303,0.000000,0.000000,0.000000,0.030477,0.000000,0.110836,0.000000,0.006162
1253,1765350869.787220,0.000000,0.068715,0.000000,0.000000,0.000000,0.001806,0.000000,0.084908,0.000000,0.007860
1254,1765350869.870440,0.000000,0.066688,0.000000,0.000000,0.000000,0.004800,0.000000,0.084130,0.000000,0.006228
1255,1765350869.952180,0.000000,0.062912,0.000000,0.000000,0.000000,0.004589,0.000000,0.081105,0.000000,0.006489
1256,1765350870.035176,0.000000,0.064046,0.000000,0.000000,0.000000,0.002109,0.000000,0.085964,0.000000,0.008330
1257,1765350870.118319,0.000000,0.061153,0.000000,0.000000,0.000000,0.001824,0.000000,0.077612,0.000000,0.006459
1258,1765350870.208622,0.000000,0.071692,0.000000,0.000000,0.000000,0.017378,0.000000,0.102143,0.000000,0.006390
1259,1765350870.302353,0.000000,0.062703,0.000000,0.000000,0.000000,0.005280,0.000000,0.085545,0.000000,0.007826
1260,1765350870.386369,0.000000,0.061353,0.000000,0.000000,0.000000,0.004670,0.000000,0.080388,0.000000,0.006621
1261,1765350870.470064,0.000000,0.062266,0.000000,0.000000,0.000000,0.017338,0.000000,0.093974,0.000000,0.005941
1262,1765350870.563107,0.000000,0.063464,0.000000,0.000000,0.000000,0.005964,0.000000,0.084137,0.000000,0.007767
1263,1765350870.651969,0.000000,0.066968,0.000000,0.000000,0.000000,0.005525,0.000000,0.086950,0.000000,0.007879
1264,1765350870.733437,0.000000,0.059139,0.000000,0.000000,0.000000,0.001803,0.000000,0.077783,0.000000,0.007485
1265,1765350870.819521,0.000000,0.065663,0.000000,0.000000,0.000000,0.001667,0.000000,0.081778,0.000000,0.006226
1266,1765350870.900023,0.000000,0.063781,0.000000,0.000000,0.000000,0.005395,0.000000,0.086891,0.000000,0.007907
1267,1765350870.986290,0.000000,0.062418,0.000000,0.000000,0.000000,0.001656,0.000000,0.077961,0.000000,0.006590
1268,1765350871.064165,0.000000,0.064734,0.000000,0.000000,0.000000,0.001800,0.000000,0.079924,0.000000,0.005978
1269,1765350871.147075,0.000000,0.064849,0.000000,0.000000,0.000000,0.001654,0.000000,0.079533,0.000000,0.006696
1270,1765350871.216726,0.000000,0.054284,0.000000,0.000000,0.000000,0.002034,0.000000,0.069015,0.000000,0.005895
1271,1765350871.295258,0.000000,0.063462,0.000000,0.000000,0.000000,0.001613,0.000000,0.082857,0.000000,0.012571
1272,1765350871.376105,0.000000,0.060247,0.000000,0.000000,0.000000,0.001876,0.000000,0.078251,0.000000,0.006561
1273,1765350871.447882,0.000000,0.056898,0.000000,0.000000,0.000000,0.002227,0.000000,0.071655,0.000000,0.005744
1274,1765350871.534604,0.000000,0.068204,0.000000,0.000000,0.000000,0.004714,0.000000,0.087918,0.000000,0.006497
1275,1765350871.616529,0.000000,0.061178,0.000000,0.000000,0.000000,0.004924,0.000000,0.077286,0.000000,0.004516
1276,1765350871.694323,0.000000,0.061985,0.000000,0.000000,0.000000,0.001571,0.000000,0.075441,0.000000,0.007107
1277,1765350871.763698,0.000000,0.054988,0.000000,0.000000,0.000000,0.005350,0.000000,0.074624,0.000000,0.008105
1278,1765350871.853265,0.000000,0.069446,0.000000,0.000000,0.000000,0.001374,0.000000,0.081966,0.000000,0.005826
1279,1765350871.935458,0.000000,0.068526,0.000000,0.000000,0.000000,0.001633,0.000000,0.083683,0.000000,0.005710
1280,1765350872.018536,0.000000,0.069587,0.000000,0.000000,0.000000,0.001672,0.000000,0.082887,0.000000,0.004560
1281,1765350872.094678,0.000000,0.062301,0.000000,0.000000,0.000000,0.001401,0.000000,0.076218,0.000000,0.006422
1282,1765350872.167459,0.000000,0.056276,0.000000,0.000000,0.000000,0.002410,0.000000,0.075173,0.000000,0.007567
1283,1765350872.250828,0.000000,0.064188,0.000000,0.000000,0.000000,0.001643,0.000000,0.090572,0.000000,0.018400
1284,1765350872.331821,0.000000,0.054952,0.000000,0.000000,0.000000,0.002100,0.000000,0.069700,0.000000,0.005523
1285,1765350872.395351,0.000000,0.047737,0.000000,0.000000,0.000000,0.004626,0.000000,0.062704,0.000000,0.005779
1286,1765350872.464129,0.000000,0.054953,0.000000,0.000000,0.000000,0.001657,0.000000,0.070104,0.000000,0.004726
1287,1765350872.531938,0.000000,0.050879,0.000000,0.000000,0.000000,0.001746,0.000000,0.066494,0.000000,0.006675
1288,1765350872.618111,0.000000,0.068605,0.000000,0.000000,0.000000,0.001015,0.000000,0.081338,0.000000,0.005005
1289,1765350872.684940,0.000000,0.053269,0.000000,0.000000,0.000000,0.001605,0.000000,0.068450,0.000000,0.005988
1290,1765350872.768219,0.000000,0.068875,0.000000,0.000000,0.000000,0.003520,0.000000,0.088147,0.000000,0.007891
1291,1765350872.852119,0.000000,0.062423,0.000000,0.000000,0.000000,0.001651,0.000000,0.078409,0.000000,0.004569
1292,1765350872.931839,0.000000,0.064863,0.000000,0.000000,0.000000,0.002666,0.000000,0.086949,0.000000,0.012669
1293,1765350873.013555,0.000000,0.058609,0.000000,0.000000,0.000000,0.002625,0.000000,0.074592,0.000000,0.006517
1294,1765350873.085392,0.000000,0.053673,0.000000,0.000000,0.000000,0.001956,0.000000,0.069272,0.000000,0.006020
1295,1765350873.156258,0.000000,0.056101,0.000000,0.000000,0.000000,0.002039,0.000000,0.075311,0.000000,0.007976
1296,1765350873.228609,0.000000,0.053765,0.000000,0.000000,0.000000,0.002527,0.000000,0.069346,0.000000,0.006910
1297,1765350873.298686,0.000000,0.052348,0.000000,0.000000,0.000000,0.001910,0.000000,0.068173,0.000000,0.005941
1298,1765350873.359427,0.000000,0.044805,0.000000,0.000000,0.000000,0.001429,0.000000,0.061030,0.000000,0.007709
1299,1765350873.428378,0.000000,0.052603,0.000000,0.000000,0.000000,0.001656,0.000000,0.066838,0.000000,0.006486
1300,1765350873.496615,0.000000,0.052419,0.000000,0.000000,0.000000,0.002242,0.000000,0.080717,0.000000,0.018029
1301,1765350873.582135,0.000000,0.057016,0.000000,0.000000,0.000000,0.002106,0.000000,0.071249,0.000000,0.006646
1302,1765350873.645057,0.000000,0.050376,0.000000,0.000000,0.000000,0.002064,0.000000,0.064028,0.000000,0.006300
1303,1765350873.712765,0.000000,0.051561,0.000000,0.000000,0.000000,0.001718,0.000000,0.064927,0.000000,0.006959
1304,1765350873.784571,0.000000,0.058171,0.000000,0.000000,0.000000,0.001702,0.000000,0.071762,0.000000,0.005247
1305,1765350873.862278,0.000000,0.063350,0.000000,0.000000,0.000000,0.002194,0.000000,0.078295,0.000000,0.006363
1306,1765350873.928345,0.000000,0.053312,0.000000,0.000000,0.000000,0.001925,0.000000,0.068446,0.000000,0.005897
1307,1765350873.991817,0.000000,0.044933,0.000000,0.000000,0.000000,0.001449,0.000000,0.056514,0.000000,0.005624
1308,1765350874.063085,0.000000,0.058413,0.000000,0.000000,0.000000,0.002313,0.000000,0.074687,0.000000,0.006970
1309,1765350874.130270,0.000000,0.051238,0.000000,0.000000,0.000000,0.002003,0.000000,0.068156,0.000000,0.007911
1310,1765350874.221491,0.000000,0.071746,0.000000,0.000000,0.000000,0.004723,0.000000,0.088815,0.000000,0.005670
1311,1765350874.297242,0.000000,0.059935,0.000000,0.000000,0.000000,0.001977,0.000000,0.075933,0.000000,0.006841
1312,1765350874.364171,0.000000,0.049415,0.000000,0.000000,0.000000,0.002346,0.000000,0.064376,0.000000,0.006942
1313,1765350874.425981,0.000000,0.046289,0.000000,0.000000,0.000000,0.001308,0.000000,0.058468,0.000000,0.006287
1314,1765350874.497517,0.000000,0.059056,0.000000,0.000000,0.000000,0.001977,0.000000,0.072643,0.000000,0.006129
1315,1765350874.562047,0.000000,0.051430,0.000000,0.000000,0.000000,0.002112,0.000000,0.067428,0.000000,0.006700
1316,1765350874.630557,0.000000,0.050503,0.000000,0.000000,0.000000,0.005315,0.000000,0.068214,0.000000,0.005715
1317,1765350874.706619,0.000000,0.057047,0.000000,0.000000,0.000000,0.001374,0.000000,0.068609,0.000000,0.004421
1318,1765350874.780593,0.000000,0.062208,0.000000,0.000000,0.000000,0.001818,0.000000,0.076368,0.000000,0.005652
1319,1765350874.844326,0.000000,0.048741,0.000000,0.000000,0.000000,0.005115,0.000000,0.066553,0.000000,0.006386
1320,1765350874.914394,0.000000,0.052494,0.000000,0.000000,0.000000,0.002068,0.000000,0.065541,0.000000,0.005908
1321,1765350874.976350,0.000000,0.048125,0.000000,0.000000,0.000000,0.001520,0.000000,0.062636,0.000000,0.006943
1322,1765350875.047753,0.000000,0.057099,0.000000,0.000000,0.000000,0.002100,0.000000,0.070983,0.000000,0.006716
1323,1765350875.114840,0.000000,0.052608,0.000000,0.000000,0.000000,0.002019,0.000000,0.068298,0.000000,0.005630
1324,1765350875.177248,0.000000,0.046670,0.000000,0.000000,0.000000,0.001584,0.000000,0.059833,0.000000,0.006071
1325,1765350875.248374,0.000000,0.056858,0.000000,0.000000,0.000000,0.002274,0.000000,0.069569,0.000000,0.005146
1326,1765350875.314258,0.000000,0.052635,0.000000,0.000000,0.000000,0.002702,0.000000,0.066861,0.000000,0.006198
1327,1765350875.376218,0.000000,0.047817,0.000000,0.000000,0.000000,0.004435,0.000000,0.062606,0.000000,0.005660
1328,1765350875.443743,0.000000,0.052175,0.000000,0.000000,0.000000,0.005329,0.000000,0.068234,0.000000,0.004817
1329,1765350875.517084,0.000000,0.054574,0.000000,0.000000,0.000000,0.001375,0.000000,0.069657,0.000000,0.005942
1330,1765350875.580594,0.000000,0.048561,0.000000,0.000000,0.000000,0.001746,0.000000,0.062766,0.000000,0.005749
1331,1765350875.642000,0.000000,0.048381,0.000000,0.000000,0.000000,0.004666,0.000000,0.063999,0.000000,0.006100
1332,1765350875.714142,0.000000,0.054444,0.000000,0.000000,0.000000,0.001527,0.000000,0.067359,0.000000,0.005546
1333,1765350875.777809,0.000000,0.050035,0.000000,0.000000,0.000000,0.004960,0.000000,0.067558,0.000000,0.006221
1334,1765350875.846911,0.000000,0.052024,0.000000,0.000000,0.000000,0.002412,0.000000,0.066741,0.000000,0.005987
1335,1765350875.915590,0.000000,0.053554,0.000000,0.000000,0.000000,0.002078,0.000000,0.069005,0.000000,0.006527
1336,1765350875.996119,0.000000,0.064298,0.000000,0.000000,0.000000,0.005035,0.000000,0.081010,0.000000,0.006046
1337,1765350876.061575,0.000000,0.047900,0.000000,0.000000,0.000000,0.017016,0.000000,0.075418,0.000000,0.005921
1338,1765350876.145800,0.000000,0.056914,0.000000,0.000000,0.000000,0.002038,0.000000,0.071790,0.000000,0.006669
1339,1765350876.214859,0.000000,0.052437,0.000000,0.000000,0.000000,0.001660,0.000000,0.068196,0.000000,0.006256
1340,1765350876.283152,0.000000,0.051859,0.000000,0.000000,0.000000,0.001978,0.000000,0.067156,0.000000,0.006546
1341,1765350876.349115,0.000000,0.050103,0.000000,0.000000,0.000000,0.005543,0.000000,0.069520,0.000000,0.006293
1342,1765350876.431075,0.000000,0.062460,0.000000,0.000000,0.000000,0.005476,0.000000,0.082246,0.000000,0.006212
1343,1765350876.513755,0.000000,0.063551,0.000000,0.000000,0.000000,0.017997,0.000000,0.092132,0.000000,0.005558
1344,1765350876.596667,0.000000,0.054041,0.000000,0.000000,0.000000,0.005701,0.000000,0.073216,0.000000,0.006241
1345,1765350876.674116,0.000000,0.057971,0.000000,0.000000,0.000000,0.001509,0.000000,0.071148,0.000000,0.006602
1346,1765350876.748347,0.000000,0.059292,0.000000,0.000000,0.000000,0.001678,0.000000,0.072376,0.000000,0.005113
1347,1765350876.815406,0.000000,0.053041,0.000000,0.000000,0.000000,0.004865,0.000000,0.069292,0.000000,0.004735
1348,1765350876.877325,0.000000,0.045082,0.000000,0.000000,0.000000,0.005231,0.000000,0.062163,0.000000,0.005522
1349,1765350876.946562,0.000000,0.051901,0.000000,0.000000,0.000000,0.002045,0.000000,0.067627,0.000000,0.006505
1350,1765350877.013727,0.000000,0.050806,0.000000,0.000000,0.000000,0.001859,0.000000,0.065839,0.000000,0.007262
1351,1765350877.079215,0.000000,0.052263,0.000000,0.000000,0.000000,0.004997,0.000000,0.069667,0.000000,0.005768
1352,1765350877.161889,0.000000,0.062821,0.000000,0.000000,0.000000,0.001314,0.000000,0.076750,0.000000,0.007640
1353,1765350877.229567,0.000000,0.052677,0.000000,0.000000,0.000000,0.030854,0.000000,0.095473,0.000000,0.005980
1354,1765350877.328638,0.000000,0.056209,0.000000,0.000000,0.000000,0.017924,0.000000,0.087518,0.000000,0.006689
1355,1765350877.414533,0.000000,0.053690,0.000000,0.000000,0.000000,0.017286,0.000000,0.082487,0.000000,0.006551
1356,1765350877.496768,0.000000,0.053461,0.000000,0.000000,0.000000,0.006621,0.000000,0.071526,0.000000,0.004640
1357,1765350877.560802,0.000000,0.046150,0.000000,0.000000,0.000000,0.017494,0.000000,0.075374,0.000000,0.006469
1358,1765350877.640157,0.000000,0.048843,0.000000,0.000000,0.000000,0.017241,0.000000,0.076744,0.000000,0.005436
1359,1765350877.729971,0.000000,0.061639,0.000000,0.000000,0.000000,0.030303,0.000000,0.104911,0.000000,0.006552
1360,1765350877.826146,0.000000,0.051883,0.000000,0.000000,0.000000,0.004572,0.000000,0.067955,0.000000,0.006704
1361,1765350877.896044,0.000000,0.054776,0.000000,0.000000,0.000000,0.019301,0.000000,0.087288,0.000000,0.006425
1362,1765350877.979313,0.000000,0.048753,0.000000,0.000000,0.000000,0.004811,0.000000,0.065101,0.000000,0.006221
1363,1765350878.047794,0.000000,0.050694,0.000000,0.000000,0.000000,0.005328,0.000000,0.067104,0.000000,0.005011
1364,1765350878.109716,0.000000,0.046882,0.000000,0.000000,0.000000,0.004631,0.000000,0.061701,0.000000,0.005526
1365,1765350878.180225,0.000000,0.052921,0.000000,0.000000,0.000000,0.004918,0.000000,0.070931,0.000000,0.006581
1366,1765350878.245305,0.000000,0.048729,0.000000,0.000000,0.000000,0.002682,0.000000,0.063116,0.000000,0.006539
1367,1765350878.318372,0.000000,0.056137,0.000000,0.000000,0.000000,0.004481,0.000000,0.075189,0.000000,0.006719
1368,1765350878.398227,0.000000,0.061292,0.000000,0.000000,0.000000,0.001598,0.000000,0.075873,0.000000,0.006444
1369,1765350878.462109,0.000000,0.046918,0.000000,0.000000,0.000000,0.004831,0.000000,0.067881,0.000000,0.005150
1370,1765350878.550345,0.000000,0.067311,0.000000,0.000000,0.000000,0.004932,0.000000,0.083073,0.000000,0.004452
1371,1765350878.629195,0.000000,0.063359,0.000000,0.000000,0.000000,0.001971,0.000000,0.076149,0.000000,0.005761
1372,1765350878.699196,0.000000,0.056843,0.000000,0.000000,0.000000,0.004685,0.000000,0.075606,0.000000,0.006021
1373,1765350878.780851,0.000000,0.059658,0.000000,0.000000,0.000000,0.001994,0.000000,0.076234,0.000000,0.006753
1374,1765350878.847003,0.000000,0.050168,0.000000,0.000000,0.000000,0.001773,0.000000,0.064989,0.000000,0.007613
1375,1765350878.911932,0.000000,0.048051,0.000000,0.000000,0.000000,0.005556,0.000000,0.065851,0.000000,0.005950
1376,1765350878.977623,0.000000,0.048814,0.000000,0.000000,0.000000,0.004730,0.000000,0.065221,0.000000,0.007000
1377,1765350879.043883,0.000000,0.048886,0.000000,0.000000,0.000000,0.001459,0.000000,0.061836,0.000000,0.006879
1378,1765350879.111864,0.000000,0.053530,0.000000,0.000000,0.000000,0.004800,0.000000,0.070101,0.000000,0.006851
1379,1765350879.177077,0.000000,0.047734,0.000000,0.000000,0.000000,0.001589,0.000000,0.061255,0.000000,0.006687
1380,1765350879.245607,0.000000,0.053401,0.000000,0.000000,0.000000,0.001864,0.000000,0.067488,0.000000,0.006607
1381,1765350879.310626,0.000000,0.050452,0.000000,0.000000,0.000000,0.001670,0.000000,0.065071,0.000000,0.006761
1382,1765350879.379389,0.000000,0.053071,0.000000,0.000000,0.000000,0.001807,0.000000,0.066402,0.000000,0.005953
1383,1765350879.447241,0.000000,0.054739,0.000000,0.000000,0.000000,0.001756,0.000000,0.071301,0.000000,0.007632
1384,1765350879.537509,0.000000,0.070882,0.000000,0.000000,0.000000,0.001575,0.000000,0.084493,0.000000,0.005859
1385,1765350879.615698,0.000000,0.064465,0.000000,0.000000,0.000000,0.001681,0.000000,0.079767,0.000000,0.005945
1386,1765350879.682507,0.000000,0.051635,0.000000,0.000000,0.000000,0.004684,0.000000,0.067816,0.000000,0.006137
1387,1765350879.767032,0.000000,0.066752,0.000000,0.000000,0.000000,0.005234,0.000000,0.084819,0.000000,0.006169
1388,1765350879.846333,0.000000,0.063092,0.000000,0.000000,0.000000,0.002224,0.000000,0.078879,0.000000,0.007973
1389,1765350879.932195,0.000000,0.065549,0.000000,0.000000,0.000000,0.001974,0.000000,0.083980,0.000000,0.006162
1390,1765350880.016334,0.000000,0.066444,0.000000,0.000000,0.000000,0.002119,0.000000,0.079142,0.000000,0.004828
1391,1765350880.081985,0.000000,0.052023,0.000000,0.000000,0.000000,0.001225,0.000000,0.068968,0.000000,0.008952
1392,1765350880.163486,0.000000,0.064573,0.000000,0.000000,0.000000,0.004668,0.000000,0.079857,0.000000,0.004935
1393,1765350880.225730,0.000000,0.047552,0.000000,0.000000,0.000000,0.017353,0.000000,0.074508,0.000000,0.004992
1394,1765350880.313048,0.000000,0.059620,0.000000,0.000000,0.000000,0.005007,0.000000,0.078090,0.000000,0.006842
1395,1765350880.395316,0.000000,0.062181,0.000000,0.000000,0.000000,0.031109,0.000000,0.111390,0.000000,0.006586
1396,1765350880.496361,0.000000,0.051704,0.000000,0.000000,0.000000,0.030249,0.000000,0.094283,0.000000,0.007195
1397,1765350880.606913,0.000000,0.067275,0.000000,0.000000,0.000000,0.005912,0.000000,0.089863,0.000000,0.006607
1398,1765350880.730807,0.000000,0.097017,0.000000,0.000000,0.000000,0.005359,0.000000,0.123472,0.000000,0.007525
1399,1765350880.835850,0.000000,0.079528,0.000000,0.000000,0.000000,0.017757,0.000000,0.114774,0.000000,0.008116
1400,1765350880.945402,0.000000,0.072691,0.000000,0.000000,0.000000,0.018824,0.000000,0.106502,0.000000,0.008043
1401,1765350881.056865,0.000000,0.077568,0.000000,0.000000,0.000000,0.018893,0.000000,0.116301,0.000000,0.009177
1402,1765350881.167038,0.000000,0.070334,0.000000,0.000000,0.000000,0.018197,0.000000,0.104975,0.000000,0.008405
1403,1765350881.270459,0.000000,0.064624,0.000000,0.000000,0.000000,0.004460,0.000000,0.087636,0.000000,0.007515
1404,1765350881.361864,0.000000,0.070611,0.000000,0.000000,0.000000,0.002059,0.000000,0.085924,0.000000,0.006347
1405,1765350881.443401,0.000000,0.066480,0.000000,0.000000,0.000000,0.005699,0.000000,0.089599,0.000000,0.009923
1406,1765350881.547059,0.000000,0.077662,0.000000,0.000000,0.000000,0.018026,0.000000,0.110023,0.000000,0.007200
1407,1765350881.654331,0.000000,0.072810,0.000000,0.000000,0.000000,0.023459,0.000000,0.117889,0.000000,0.007476
1408,1765350881.770027,0.000000,0.070418,0.000000,0.000000,0.000000,0.002150,0.000000,0.088022,0.000000,0.007299
1409,1765350881.855791,0.000000,0.068383,0.000000,0.000000,0.000000,0.019859,0.000000,0.108872,0.000000,0.007591
1410,1765350881.968510,0.000000,0.070273,0.000000,0.000000,0.000000,0.030702,0.000000,0.117882,0.000000,0.008587
1411,1765350882.102933,0.000000,0.084996,0.000000,0.000000,0.000000,0.005287,0.000000,0.107031,0.000000,0.006988
1412,1765350882.202315,0.000000,0.076204,0.000000,0.000000,0.000000,0.017889,0.000000,0.114022,0.000000,0.007542
1413,1765350882.317612,0.000000,0.076399,0.000000,0.000000,0.000000,0.005472,0.000000,0.099649,0.000000,0.009793
1414,1765350882.413666,0.000000,0.070939,0.000000,0.000000,0.000000,0.002387,0.000000,0.094242,0.000000,0.007524
1415,1765350882.516460,0.000000,0.080534,0.000000,0.000000,0.000000,0.002876,0.000000,0.100706,0.000000,0.008863
1416,1765350882.620565,0.000000,0.078911,0.000000,0.000000,0.000000,0.004805,0.000000,0.103129,0.000000,0.007698
1417,1765350882.710769,0.000000,0.067357,0.000000,0.000000,0.000000,0.004573,0.000000,0.084952,0.000000,0.007573
1418,1765350882.796852,0.000000,0.064982,0.000000,0.000000,0.000000,0.005061,0.000000,0.093396,0.000000,0.009973
1419,1765350882.892208,0.000000,0.067263,0.000000,0.000000,0.000000,0.001681,0.000000,0.084638,0.000000,0.008895
1420,1765350882.996094,0.000000,0.084266,0.000000,0.000000,0.000000,0.007796,0.000000,0.118732,0.000000,0.011066
1421,1765350883.104873,0.000000,0.075727,0.000000,0.000000,0.000000,0.002423,0.000000,0.101890,0.000000,0.012151
1422,1765350883.222318,0.000000,0.087615,0.000000,0.000000,0.000000,0.002407,0.000000,0.110177,0.000000,0.009455
1423,1765350883.311946,0.000000,0.067015,0.000000,0.000000,0.000000,0.005219,0.000000,0.084686,0.000000,0.006024
1424,1765350883.413602,0.000000,0.083862,0.000000,0.000000,0.000000,0.005432,0.000000,0.102467,0.000000,0.006368
1425,1765350883.508941,0.000000,0.075920,0.000000,0.000000,0.000000,0.004645,0.000000,0.094779,0.000000,0.006717
1426,1765350883.588424,0.000000,0.059704,0.000000,0.000000,0.000000,0.004419,0.000000,0.077995,0.000000,0.006846
1427,1765350883.670335,0.000000,0.061205,0.000000,0.000000,0.000000,0.001775,0.000000,0.077472,0.000000,0.006775
1428,1765350883.758775,0.000000,0.070337,0.000000,0.000000,0.000000,0.001710,0.000000,0.087321,0.000000,0.007236
1429,1765350883.839337,0.000000,0.062762,0.000000,0.000000,0.000000,0.001609,0.000000,0.078551,0.000000,0.006501
1430,1765350883.926623,0.000000,0.071112,0.000000,0.000000,0.000000,0.002107,0.000000,0.089717,0.000000,0.008934
1431,1765350884.002043,0.000000,0.055689,0.000000,0.000000,0.000000,0.017971,0.000000,0.088279,0.000000,0.006305
1432,1765350884.102148,0.000000,0.066575,0.000000,0.000000,0.000000,0.004489,0.000000,0.087830,0.000000,0.006952
1433,1765350884.185484,0.000000,0.061832,0.000000,0.000000,0.000000,0.004849,0.000000,0.084003,0.000000,0.007732
1434,1765350884.275208,0.000000,0.065680,0.000000,0.000000,0.000000,0.004735,0.000000,0.084385,0.000000,0.006284
1435,1765350884.354138,0.000000,0.059721,0.000000,0.000000,0.000000,0.004935,0.000000,0.078614,0.000000,0.006383
1436,1765350884.429541,0.000000,0.055159,0.000000,0.000000,0.000000,0.031060,0.000000,0.100323,0.000000,0.007363
1437,1765350884.533018,0.000000,0.059497,0.000000,0.000000,0.000000,0.004637,0.000000,0.076381,0.000000,0.004967
1438,1765350884.613179,0.000000,0.061620,0.000000,0.000000,0.000000,0.005001,0.000000,0.078662,0.000000,0.006625
1439,1765350884.683123,0.000000,0.051246,0.000000,0.000000,0.000000,0.002272,0.000000,0.067545,0.000000,0.005624
1440,1765350884.761857,0.000000,0.064365,0.000000,0.000000,0.000000,0.002971,0.000000,0.079280,0.000000,0.005696
1441,1765350884.827960,0.000000,0.049907,0.000000,0.000000,0.000000,0.002017,0.000000,0.065072,0.000000,0.007139
1442,1765350884.893710,0.000000,0.049155,0.000000,0.000000,0.000000,0.004925,0.000000,0.066025,0.000000,0.006994
1443,1765350884.962100,0.000000,0.051331,0.000000,0.000000,0.000000,0.001765,0.000000,0.065962,0.000000,0.007410
1444,1765350885.028218,0.000000,0.049369,0.000000,0.000000,0.000000,0.001558,0.000000,0.063549,0.000000,0.007512
1445,1765350885.095601,0.000000,0.053068,0.000000,0.000000,0.000000,0.001438,0.000000,0.065456,0.000000,0.006167
1446,1765350885.162120,0.000000,0.052840,0.000000,0.000000,0.000000,0.005224,0.000000,0.069244,0.000000,0.005192
1447,1765350885.228896,0.000000,0.049558,0.000000,0.000000,0.000000,0.018036,0.000000,0.079902,0.000000,0.005978
1448,1765350885.313195,0.000000,0.052635,0.000000,0.000000,0.000000,0.004804,0.000000,0.069947,0.000000,0.006671
1449,1765350885.381166,0.000000,0.050064,0.000000,0.000000,0.000000,0.017814,0.000000,0.080952,0.000000,0.006243
1450,1765350885.467085,0.000000,0.053630,0.000000,0.000000,0.000000,0.001870,0.000000,0.068802,0.000000,0.005830
1451,1765350885.530655,0.000000,0.048995,0.000000,0.000000,0.000000,0.005567,0.000000,0.067209,0.000000,0.006997
1452,1765350885.615259,0.000000,0.065196,0.000000,0.000000,0.000000,0.004773,0.000000,0.082690,0.000000,0.006049
1453,1765350885.693916,0.000000,0.060488,0.000000,0.000000,0.000000,0.030034,0.000000,0.101809,0.000000,0.006378
1454,1765350885.794093,0.000000,0.057950,0.000000,0.000000,0.000000,0.001188,0.000000,0.071160,0.000000,0.007028
1455,1765350885.861997,0.000000,0.054591,0.000000,0.000000,0.000000,0.001813,0.000000,0.068568,0.000000,0.005789
1456,1765350885.930017,0.000000,0.052303,0.000000,0.000000,0.000000,0.005471,0.000000,0.068826,0.000000,0.004937
1457,1765350886.005408,0.000000,0.056874,0.000000,0.000000,0.000000,0.004361,0.000000,0.073041,0.000000,0.005560
1458,1765350886.078214,0.000000,0.058366,0.000000,0.000000,0.000000,0.030463,0.000000,0.101251,0.000000,0.006326
1459,1765350886.185344,0.000000,0.061763,0.000000,0.000000,0.000000,0.030223,0.000000,0.106142,0.000000,0.007240
1460,1765350886.281889,0.000000,0.051848,0.000000,0.000000,0.000000,0.017916,0.000000,0.082180,0.000000,0.006315
1461,1765350886.363806,0.000000,0.052400,0.000000,0.000000,0.000000,0.002084,0.000000,0.065715,0.000000,0.006354
1462,1765350886.432237,0.000000,0.053647,0.000000,0.000000,0.000000,0.002010,0.000000,0.068543,0.000000,0.007300
1463,1765350886.496359,0.000000,0.049070,0.000000,0.000000,0.000000,0.004761,0.000000,0.065929,0.000000,0.007530
1464,1765350886.561172,0.000000,0.046199,0.000000,0.000000,0.000000,0.001653,0.000000,0.060635,0.000000,0.007087
1465,1765350886.626378,0.000000,0.051522,0.000000,0.000000,0.000000,0.004749,0.000000,0.068662,0.000000,0.006469
1466,1765350886.697425,0.000000,0.051634,0.000000,0.000000,0.000000,0.001492,0.000000,0.065744,0.000000,0.006303
1467,1765350886.764246,0.000000,0.053234,0.000000,0.000000,0.000000,0.002383,0.000000,0.066457,0.000000,0.006066
1468,1765350886.829761,0.000000,0.051490,0.000000,0.000000,0.000000,0.002297,0.000000,0.067147,0.000000,0.007290
1469,1765350886.895399,0.000000,0.050130,0.000000,0.000000,0.000000,0.001355,0.000000,0.061564,0.000000,0.005920
1470,1765350886.964384,0.000000,0.055684,0.000000,0.000000,0.000000,0.002763,0.000000,0.071504,0.000000,0.006106
1471,1765350887.028629,0.000000,0.049777,0.000000,0.000000,0.000000,0.005046,0.000000,0.064824,0.000000,0.005464
1472,1765350887.096328,0.000000,0.049947,0.000000,0.000000,0.000000,0.004877,0.000000,0.065634,0.000000,0.006025
1473,1765350887.163840,0.000000,0.051900,0.000000,0.000000,0.000000,0.030418,0.000000,0.093225,0.000000,0.006275
1474,1765350887.262086,0.000000,0.057311,0.000000,0.000000,0.000000,0.030367,0.000000,0.099665,0.000000,0.005645
1475,1765350887.365012,0.000000,0.058341,0.000000,0.000000,0.000000,0.002371,0.000000,0.073146,0.000000,0.006802
1476,1765350887.472001,0.000000,0.090334,0.000000,0.000000,0.000000,0.004264,0.000000,0.109090,0.000000,0.005666
1477,1765350887.555914,0.000000,0.064491,0.000000,0.000000,0.000000,0.030089,0.000000,0.109545,0.000000,0.007820
1478,1765350887.709391,0.000000,0.108291,0.000000,0.000000,0.000000,0.029970,0.000000,0.152150,0.000000,0.005999
1479,1765350887.831890,0.000000,0.076881,0.000000,0.000000,0.000000,0.001711,0.000000,0.095236,0.000000,0.006002
1480,1765350887.945008,0.000000,0.095075,0.000000,0.000000,0.000000,0.001961,0.000000,0.111631,0.000000,0.006310
1481,1765350888.037543,0.000000,0.074676,0.000000,0.000000,0.000000,0.002226,0.000000,0.096811,0.000000,0.010423
1482,1765350888.153561,0.000000,0.093396,0.000000,0.000000,0.000000,0.017909,0.000000,0.125346,0.000000,0.004822
1483,1765350888.271186,0.000000,0.083055,0.000000,0.000000,0.000000,0.002208,0.000000,0.102957,0.000000,0.007557
1484,1765350888.356413,0.000000,0.066251,0.000000,0.000000,0.000000,0.005083,0.000000,0.085639,0.000000,0.006794
1485,1765350888.444017,0.000000,0.066335,0.000000,0.000000,0.000000,0.001547,0.000000,0.083502,0.000000,0.007420
1486,1765350888.518496,0.000000,0.058378,0.000000,0.000000,0.000000,0.002137,0.000000,0.074818,0.000000,0.006967
1487,1765350888.611938,0.000000,0.077418,0.000000,0.000000,0.000000,0.001733,0.000000,0.094361,0.000000,0.008480
1488,1765350888.698214,0.000000,0.067733,0.000000,0.000000,0.000000,0.003623,0.000000,0.085757,0.000000,0.007513
1489,1765350888.793385,0.000000,0.075962,0.000000,0.000000,0.000000,0.003161,0.000000,0.095652,0.000000,0.008580
1490,1765350888.875750,0.000000,0.060224,0.000000,0.000000,0.000000,0.001612,0.000000,0.078846,0.000000,0.008142
1491,1765350888.957472,0.000000,0.063406,0.000000,0.000000,0.000000,0.001965,0.000000,0.081685,0.000000,0.006610
1492,1765350889.039510,0.000000,0.061455,0.000000,0.000000,0.000000,0.002616,0.000000,0.082035,0.000000,0.008086
1493,1765350889.119025,0.000000,0.058076,0.000000,0.000000,0.000000,0.001654,0.000000,0.076195,0.000000,0.009110
1494,1765350889.217405,0.000000,0.080572,0.000000,0.000000,0.000000,0.002378,0.000000,0.098744,0.000000,0.007693
1495,1765350889.312281,0.000000,0.074941,0.000000,0.000000,0.000000,0.003042,0.000000,0.094642,0.000000,0.009150
1496,1765350889.409667,0.000000,0.076340,0.000000,0.000000,0.000000,0.001354,0.000000,0.092096,0.000000,0.007233
1497,1765350889.495861,0.000000,0.069049,0.000000,0.000000,0.000000,0.002199,0.000000,0.085642,0.000000,0.006914
1498,1765350889.577078,0.000000,0.064930,0.000000,0.000000,0.000000,0.002282,0.000000,0.087093,0.000000,0.007908
1499,1765350889.690661,0.000000,0.089736,0.000000,0.000000,0.000000,0.002125,0.000000,0.106170,0.000000,0.007934
1500,1765350889.787520,0.000000,0.078452,0.000000,0.000000,0.000000,0.002099,0.000000,0.098543,0.000000,0.008440
1501,1765350889.889294,0.000000,0.082576,0.000000,0.000000,0.000000,0.001729,0.000000,0.100958,0.000000,0.008898
1502,1765350889.994464,0.000000,0.083554,0.000000,0.000000,0.000000,0.001661,0.000000,0.103608,0.000000,0.009810
1503,1765350890.074735,0.000000,0.061773,0.000000,0.000000,0.000000,0.001959,0.000000,0.079894,0.000000,0.007331
1504,1765350890.167955,0.000000,0.072001,0.000000,0.000000,0.000000,0.002152,0.000000,0.088496,0.000000,0.006834
1505,1765350890.267112,0.000000,0.082918,0.000000,0.000000,0.000000,0.001940,0.000000,0.102006,0.000000,0.008932
1506,1765350890.363520,0.000000,0.075304,0.000000,0.000000,0.000000,0.001814,0.000000,0.095252,0.000000,0.010429
1507,1765350890.464434,0.000000,0.082400,0.000000,0.000000,0.000000,0.002271,0.000000,0.102964,0.000000,0.010714
1508,1765350890.568450,0.000000,0.081863,0.000000,0.000000,0.000000,0.001225,0.000000,0.097625,0.000000,0.007639
1509,1765350890.663663,0.000000,0.080245,0.000000,0.000000,0.000000,0.001681,0.000000,0.100646,0.000000,0.007129
